text,location
RT @people4bern: .@BernieSanders #DemDebate Let us not forget that #Hillary said Iraq was a simple mistake and a business opportunity https,"1524 Hollins St, Baltimore, Md"
RT @salpaulsen: My only regret is there are no #GOPDebate #DemDebate #DemTownHall #GOPTownHall to remind me what really doesnt matter tonig,"Los Angeles, CA"
My only regret is there are no #GOPDebate #DemDebate #DemTownHall #GOPTownHall to remind me what really doesnt matter tonight. I need a hug.,"Arden Hills, Minnesota"
RT @deray: Sanders highlighting the need to combat institutional racism and the broken criminal justice was on point. #DemDebate,
"RT @Hillary4Florida: Chip in to let Hillary know you're with her and ready to win: https://t.co/sm9YxWnzfT
#ImWithHer #Florida #HillYes 
#H",UK
"RT @Hillary4Florida: Chip in to let Hillary know you're with her and ready to win: https://t.co/sm9YxWnzfT
#ImWithHer #Florida #HillYes 
#H",United Kingdom
"RT @vabayad: oops. company that lied about lead in flint water (Veolia), donated $50-100k to @ClintonFdn. Working to privatize water worldw",US
"RT @docrocktex26: If you were puzzled as to why the Black vote is so solidly behind Hillary, Bernie's commentary on ghettos should provide","Washington, DC"
"RT @Hillary4Florida: Chip in to let Hillary know you're with her and ready to win: https://t.co/sm9YxWnzfT
#ImWithHer #Florida #HillYes 
#H",Planet Earth
RT @people4bern: .@BernieSanders #DemDebate Let us not forget that #Hillary said Iraq was a simple mistake and a business opportunity https,Up a tree watching the show
"RT @schutzhund13: .@HillaryClinton Ma'am, Where's the $6,000,000,000 billion you lost? #DemDebate #ToneDownForWhat https://t.co/be4xFTtPme",
"RT @schutzhund13: .@HillaryClinton Ma'am, Where's the $6,000,000,000 billion you lost? #DemDebate #ToneDownForWhat https://t.co/be4xFTtPme","Chicago, IL"
"RT @Hillary4Florida: Chip in to let Hillary know you're with her and ready to win: https://t.co/sm9YxWnzfT
#ImWithHer #Florida #HillYes 
#H","Ferndale, MI"
"RT @docrocktex26: If you were puzzled as to why the Black vote is so solidly behind Hillary, Bernie's commentary on ghettos should provide","Stoke-on-Trent, England"
"RT @docrocktex26: If you were puzzled as to why the Black vote is so solidly behind Hillary, Bernie's commentary on ghettos should provide",#SWDC
"RT @PennyHicks13: @MarilynB777 @col_nj #DemDebate #DemPrimary 
Every time a Dem is in WH there is genocide",Classified
"RT @HillaryClinton: Before Hillary takes the #DemDebate stage, check out her record of results: https://t.co/5yFsWxpHB8",
"RT @HillaryClinton: Before Hillary takes the #DemDebate stage, check out her record of results: https://t.co/5yFsWxpHB8",Texas
"RT @branford_tina: No matter who you vote for, this election will be historic...
#DemDebate 
#Elections2016 https://t.co/Zh9aK5KJHu",
"RT @HillaryClinton: Before Hillary takes the #DemDebate stage, check out her record of results: https://t.co/5yFsWxpHB8",
"RT @Hillary4Florida: Chip in to let Hillary know you're with her and ready to win: https://t.co/sm9YxWnzfT
#ImWithHer #Florida #HillYes 
#H",
"Chip in to let Hillary know you're with her and ready to win: https://t.co/sm9YxWnzfT
#ImWithHer #Florida #HillYes 
#Hillary2016 #DemDebate",Florida
RT @theintercept: Hillary Clinton made $2.9 million from just 12 speeches to big banks. https://t.co/hHROLSFLp6 #DemDebate https://t.co/Uoy,
RT @Tim_Canova: #DemDebate between me and @DWStweets? I've already proposed 6 debates; DWS says none #DebbieDodgesDebates  #reddit https://,New York City
"RT @goodbyethirdway: The fact checkers at @PolitiFact have weighed in on the #DemDebate, and the results are not good for @HillaryClinton h",
RT @_Carja: 29 of the funniest reactions from comedians on social media to the #DemDebate in Flint. https://t.co/o3Y6ZiiOhe via @someecards,"Indianapolis, IN"
"RT @BernieSanders: Qatar will spend $200 billion on the 2022 World Cup  $200 billion a soccer event, yet very little to fight against ISIS",Nicaragua
29 of the funniest reactions from comedians on social media to the #DemDebate in Flint. https://t.co/o3Y6ZiiOhe via @someecards,Michigan
RT @SarahGi00782242: #DemDebate What #MediaBlackout &amp; #CrookedHillary Don't Want You To Know About #Bernie2016 #DemPrimary #FeelTheBern htt,"Louisville, Kentucky, USA"
#DemDebate My reaction https://t.co/Uyy40pTv7P via @YouTube,(610)
"RT @JeanetteJing: Under #Hillary2016, the State Dept approved $165 BILLION worth of arms deals for her Foundation's donors. #DemDebate http",
"RT @BernieSanders: No joke. This is an excerpt from Hillary Clintons speech telling Wall Street to cut it out. Watch:
https://t.co/s0zke",
"RT @docrocktex26: If you were puzzled as to why the Black vote is so solidly behind Hillary, Bernie's commentary on ghettos should provide","Washington, DC "
RT @MLBNCAAScout: On this #DraftDay #NFLDraft2016 #NFLDraft #DemDebate #BobbyKnight #Endorsed the ONLY #MAN to #MAGA #TRUMP2016 #Trump http,"Malibu, CA"
RT @ScoutDirector: #IVoted! #SuperTuesday #DemDebate #Liberal-#Democrat-#Criminals support Criminals that #Kill &amp; #Rape our #citizens https,"Malibu, CA"
"RT @BernieSanders: No joke. This is an excerpt from Hillary Clintons speech telling Wall Street to cut it out. Watch:
https://t.co/s0zke",In the place 2B Califaztlan.
"RT @BernieSanders: No joke. This is an excerpt from Hillary Clintons speech telling Wall Street to cut it out. Watch:
https://t.co/s0zke","Chillicothe, Ohio 45601"
"RT @shanilsam: Yes @HillaryClinton,  tell us how interested you are in gun violence. #DemDebate https://t.co/lpngbYSK6C",Oakland California
RT @stefanezamorano: Hillary just did a lot of chit chat to tell us she won't reinstate Glass Steagall #DemDebate,
"RT @BernieSanders: No joke. This is an excerpt from Hillary Clintons speech telling Wall Street to cut it out. Watch:
https://t.co/s0zke","Hawaii, USA"
"RT @govoteforbernie: Polls can be bought, but votes are a little tougher #DemDebate https://t.co/mXM4z5isWf",
"RT @BernieSanders: No joke. This is an excerpt from Hillary Clintons speech telling Wall Street to cut it out. Watch:
https://t.co/s0zke","Virginia, USA"
"RT @shanilsam: Yes @HillaryClinton,  tell us how interested you are in gun violence. #DemDebate https://t.co/lpngbYSK6C",Cascadia #feelthebern
"RT @govoteforbernie: Polls can be bought, but votes are a little tougher #DemDebate https://t.co/mXM4z5isWf",
"RT @govoteforbernie: Polls can be bought, but votes are a little tougher #DemDebate https://t.co/mXM4z5isWf",
RT @ErikaAndiola: I don't think @HillaryClinton has seen the latest polls on Latino vote nationally. 47 Sanders... 46 Clinton. #NotHerFireW,Southeast
"RT @EuroYankeeBlog: #DemDebate #NYDebate the standing ovation for @BernieSanders at the end of his closing speech, which CNN didn't show ht",Where Small People Live
"RT @BernieSanders: No joke. This is an excerpt from Hillary Clintons speech telling Wall Street to cut it out. Watch:
https://t.co/s0zke","Louisville, KY"
"RT @goodbyethirdway: The fact checkers at @PolitiFact have weighed in on the #DemDebate, and the results are not good for @HillaryClinton h",On a Dolphin doin flips anshit
RT @ErikaAndiola: I don't think @HillaryClinton has seen the latest polls on Latino vote nationally. 47 Sanders... 46 Clinton. #NotHerFireW,"El Paso, IL"
RT @stefanezamorano: You are right Hillary the numbers don't add up so why not reinstate Glass Steagall #DemDebate #boughtandsold,Oregon
RT @Jason_Pollock: WOW! Bernie was the most googled Democratic Presidential candidate in EVERY state last night during the #DemDebate. http,
RT @stefanezamorano: Hillary just did a lot of chit chat to tell us she won't reinstate Glass Steagall #DemDebate,Oregon
RT @stefanezamorano: Yes Wall Street is built on fraud #DemDebate #CorporateWelfare,Oregon
RT @ErikaAndiola: I don't think @HillaryClinton has seen the latest polls on Latino vote nationally. 47 Sanders... 46 Clinton. #NotHerFireW,"Louisville, KY"
"RT @goodbyethirdway: The fact checkers at @PolitiFact have weighed in on the #DemDebate, and the results are not good for @HillaryClinton h","Louisville, KY"
RT @Libertea2012: The people vs. the Establishment. We shall prevail!! #FeelTheBern #DemDebate #1u #UniteBlue https://t.co/0VWkkGiVLI https,"Vermont, USA"
RT @Jason_Pollock: WOW! Bernie was the most googled Democratic Presidential candidate in EVERY state last night during the #DemDebate. http,"Louisville, KY"
"RT @EuroYankeeBlog: #DemDebate #NYDebate the standing ovation for @BernieSanders at the end of his closing speech, which CNN didn't show ht","Louisville, KY"
RT @MarkRuffalo: .@HillaryClinton using natural gas to get off fossil fuels is like using OxyCodin to get off heroin. #DemDebate,"Illinois, USA"
"RT @govoteforbernie: Polls can be bought, but votes are a little tougher #DemDebate https://t.co/mXM4z5isWf",Maryland--DC Area
@CNN viewers see five times as much fossil-fuel advertising as they do climate-change reporting https://t.co/2MySkN333d #DemDebate,"Brooklyn, NY"
"RT @govoteforbernie: Polls can be bought, but votes are a little tougher #DemDebate https://t.co/mXM4z5isWf","Louisville, KY"
"It looks like we are stuck with @HillaryClinton vs @realDonaldTrump. smh. Wow America, is this the best we have?#DemDebate #DemPrimary @CNN",
"RT @schutzhund13: .@HillaryClinton Ma'am, Where's the $6,000,000,000 billion you lost? #DemDebate #ToneDownForWhat https://t.co/be4xFTtPme",
RT @Libertea2012: The people vs. the Establishment. We shall prevail!! #FeelTheBern #DemDebate #1u #UniteBlue https://t.co/0VWkkGiVLI https,
RT @MarkRuffalo: Young people love @BernieSanders because he is credible. You can't fight for the many when you take so much money from the,"Canada is back, baby! "
RT @MLBNCAAScout: On this #DraftDay #NFLDraft2016 #NFLDraft #DemDebate #BobbyKnight #Endorsed the ONLY #MAN to #MAGA #TRUMP2016 #Trump http,United States of America
RT @MarkRuffalo: Young people love @BernieSanders because he is credible. You can't fight for the many when you take so much money from the,California
RT @MarkRuffalo: Young people love @BernieSanders because he is credible. You can't fight for the many when you take so much money from the,"Cleveland, OH"
RT @MarkRuffalo: Young people love @BernieSanders because he is credible. You can't fight for the many when you take so much money from the,"Florida, USA"
Hillary is a liar.  Hillary is an unindicted felon.  Send her to prison!  #DemDebate,Earth
RT @MarkRuffalo: Young people love @BernieSanders because he is credible. You can't fight for the many when you take so much money from the,
RT @MarkRuffalo: Young people love @BernieSanders because he is credible. You can't fight for the many when you take so much money from the,USA
RT @Libertea2012: The people vs. the Establishment. We shall prevail!! #FeelTheBern #DemDebate #1u #UniteBlue https://t.co/0VWkkGiVLI https,Florida
RT @MarkRuffalo: Young people love @BernieSanders because he is credible. You can't fight for the many when you take so much money from the,
RT @MarkRuffalo: Young people love @BernieSanders because he is credible. You can't fight for the many when you take so much money from the,
RT @MarkRuffalo: Young people love @BernieSanders because he is credible. You can't fight for the many when you take so much money from the,Texas 
RT @MarkRuffalo: Young people love @BernieSanders because he is credible. You can't fight for the many when you take so much money from the,"Richmond, Virginia"
BTW. When is the CA #DemDebate scheduled for? CAPrimary @BernieSanders @ninaturner @brianefallon @JoyAnnReid @jmpalmieri #emailgate #inners,
RT @Libertea2012: The people vs. the Establishment. We shall prevail!! #FeelTheBern #DemDebate #1u #UniteBlue https://t.co/0VWkkGiVLI https,
"Repeal#REDCYCLE tax #Democrats #DemDebate #VaginaTax #Election2016 #Clinton2016 #Sanders2016 #CRJ2016
@AshleeHawn https://t.co/e3JpXgp4Zf",Utah
RT @Libertea2012: The people vs. the Establishment. We shall prevail!! #FeelTheBern #DemDebate #1u #UniteBlue https://t.co/0VWkkGiVLI https,Northern California
"RT @gingerwitchy: If you wonder why Bernie Sanders speaks so passionately &amp; frequently about Native Americans, read this. #DemDebate https:","Myrtle Beach, SC"
RT @politico: Damn right #DemDebate https://t.co/kIqLo6gXDY,IE ✈ DMV 
RT @Libertea2012: The people vs. the Establishment. We shall prevail!! #FeelTheBern #DemDebate #1u #UniteBlue https://t.co/0VWkkGiVLI https,
"RT @gingerwitchy: If you wonder why Bernie Sanders speaks so passionately &amp; frequently about Native Americans, read this. #DemDebate https:","Louisville, KY"
RT @Bonkers45: @ASilentDragon ALSO the ONLY one who cares about Native Americans. Bernie leaves nobody out. #WeAreBernie #DemDebate,"Louisville, KY"
RT @itwaschris: You can ask a question in tonight's #BernieSanders #WhichHillary #Demdebate  at #AskNYDebate #FeeltheBern #BetnieorBust #Bl,Tucson
"RT @topWave_: Thank u @BernieSanders, for throwing everything but the kitchen sink at Hillary, you make her stronger! 

#DemDebate https://",3x a Bruin
RT @Libertea2012: The people vs. the Establishment. We shall prevail!! #FeelTheBern #DemDebate #1u #UniteBlue https://t.co/0VWkkGiVLI https,España
RT @Libertea2012: The people vs. the Establishment. We shall prevail!! #FeelTheBern #DemDebate #1u #UniteBlue https://t.co/0VWkkGiVLI https,"Brussels, Belgium"
RT @Libertea2012: The people vs. the Establishment. We shall prevail!! #FeelTheBern #DemDebate #1u #UniteBlue https://t.co/0VWkkGiVLI https,the World
RT @Libertea2012: The people vs. the Establishment. We shall prevail!! #FeelTheBern #DemDebate #1u #UniteBlue https://t.co/0VWkkGiVLI https,
The people vs. the Establishment. We shall prevail!! #FeelTheBern #DemDebate #1u #UniteBlue https://t.co/0VWkkGiVLI https://t.co/cpkKKBNKt5,ProgressiveLand
RT @politico: Damn right #DemDebate https://t.co/kIqLo6gXDY,i have a boyfriend
The people vs. the Establishment. We shall prevail!! #FeelTheBern #DemDebate #1u #UniteBlue https://t.co/0VWkkGiVLI https://t.co/crBJekZoar,ProgressiveLand
RT @itwaschris: Hillary is a Moderate Republican.  Bernie keeps it 100 as an FDR democrat #NYDebate #DemDebate https://t.co/w58CYwd1oA,
RT @politico: Damn right #DemDebate https://t.co/kIqLo6gXDY,Gotham City
"RT @Socialist_Times: Wisconsins Largest Paper Takes Down Hillary &amp; Her Corruption https://t.co/p9cE0JrUFN

#DemDebate #ImWithHer #P2 https","Los Angeles, CA"
RT @350brooklyn: Youre more likely to see an oil industry ad than a climate report on @CNN https://t.co/Om7SLwE3Wp  @wolfblitzer @anderson,"Houston, TX"
RT @350brooklyn: Youre more likely to see an oil industry ad than a climate report on @CNN https://t.co/Om7SLwE3Wp  @wolfblitzer @anderson,
"RT @NRA: No matter how many times you say it, @HillaryClinton, it's just not true
#DemDebate #HilLIARy #2A #gunfacts https://t.co/uVKvr3wU","Philadelphia, PA"
"RT @Socialist_Times: Hillary called Bernie unqualified, then took offense for being called unqualified https://t.co/Kw9dLqDFSK
#DemDebate h",delft. netherlands
"RT @Socialist_Times: Wisconsins Largest Paper Takes Down Hillary &amp; Her Corruption https://t.co/p9cE0JrUFN

#DemDebate #ImWithHer #P2 https",delft. netherlands
He's really denouncing Bernie #DemDebate,
RT @MLBNCAAScout: On this #DraftDay #NFLDraft2016 #NFLDraft #DemDebate #BobbyKnight #Endorsed the ONLY #MAN to #MAGA #TRUMP2016 #Trump http,"St Petersburg, FL"
RT @CatoInstitute: We must hold politicianslike @HillaryClintonaccountable for Libya. https://t.co/HjRrSzb5M7 #DemDebate #Cato2016 https:,
"RT @Reince: Clinton was supposed to have the nomination locked up by now, but shes lost 7 straight states as her once 60 point lead dwindl",
"RT @farronbalanced: Stop bragging about Dodd-Frank, banksters watered it down, via @thenation https://t.co/y9i0d7HOiE #DemDebate",
Donald Trump #Trump #Trump2016 Hillary Clinton  #Hillary #Hillary2016 #Election2016 #DemDebate #republicandebate https://t.co/klrrx5kigM,Sweden
"RT @schutzhund13: .@HillaryClinton Ma'am, Where's the $6,000,000,000 billion you lost? #DemDebate #ToneDownForWhat https://t.co/be4xFTtPme",Pasedena CA
"RT @PennyHicks13: @MarilynB777 @col_nj #DemDebate #DemPrimary 
Every time a Dem is in WH there is genocide", Location ✈: #USA
Youre more likely to see an oil industry ad than a climate report on @CNN https://t.co/Om7SLwE3Wp  @wolfblitzer @andersoncooper #DemDebate,"Brooklyn, NY"
"@MarilynB777 @col_nj #DemDebate #DemPrimary 
Every time a Dem is in WH there is genocide","Nevada, USA"
"RT @johnasbury: Bernie ""We've been a little bit busy last, if you'll excuse us."" Unfortunately I remain one of the poorer members of the se",
"RT @LeoKapakosNY: Yes she does...and we love having her here. #imwithher
@HillaryClinton loves being in Brooklyn #DemDebate https://t.co/fJ",to many places
"today I saw a kitty cat and I'll listen beyond your ""Cold War"" buzz-verbiage #DemDebate",
"@realDonaldTrump beats #HRC? #Democrats #ChoicePrimeRib #DemDebate 
https://t.co/drkJzlNzqQ
https://t.co/rEXmte1jZv https://t.co/x3URQVU6bV",Utah
"@Pat120 Helluva point !! #VettingBernie #VettingJane #DemDebate #Elections2016 
@finneyk",
"RT @TheCaptnPlanet: When it comes to harmful fracking.

@HillaryClinton v @BernieSanders Bernie #DemDebate #FeelTheBern #ThePowerIsYours ht",
RT @Tim_Canova: #DemDebate between me and @DWStweets? I've already proposed 6 debates; DWS says none #DebbieDodgesDebates  #reddit https://,"Florida, USA"
RT @hedeen89: Take this @scrowder SJW trigger card! #DemDebate https://t.co/PvhaFAv0Ik,
Ranked Keywords with Hillary Clinton's Emails https://t.co/YX532gD4OY  #hillary #clinton #DemDebate,"Chennai, India"
RT @sammy: Nice way to see what people are talking about during the #DemDebate https://t.co/HRYAxQ0RzB,JPN
RT @Tim_Canova: #DemDebate between me and @DWStweets? I've already proposed 6 debates; DWS says none #DebbieDodgesDebates  #reddit https://,
RT @Tim_Canova: #DemDebate between me and @DWStweets? I've already proposed 6 debates; DWS says none #DebbieDodgesDebates  #reddit https://,"Louisville, KY"
RT @sammy: Nice way to see what people are talking about during the #DemDebate https://t.co/HRYAxQ0RzB,"Pagsanjan, Laguna"
Shouldn't be even running until issues are cleared #DemDebate #democrats #GopDebate #Gop #HillaryClinton https://t.co/Q5ukoFJxRj,
RT @AntiPCPatriot: #Dems NEED 10 different #Bathrooms for #idiot #Liberals. Just #PullYourPantsDown &amp; #FigureItOut #DumbAss #DemDebate http,
RT @TS4Obama: #ImWithHer because she has earned the respect &amp; support of her colleagues. #DemDebate https://t.co/MtIi8PFSV4,"Bengaluru, India"
RT @ScoutDirector: #IVoted! #SuperTuesday #DemDebate #Liberal-#Democrat-#Criminals support Criminals that #Kill &amp; #Rape our #citizens https,
RT @MLBNCAAScout: On this #DraftDay #NFLDraft2016 #NFLDraft #DemDebate #BobbyKnight #Endorsed the ONLY #MAN to #MAGA #TRUMP2016 #Trump http,
RT @AntiPCPatriot: We don't NEED anymore #Lying #Criminals as #POTUS #Hillary #Hillary2016 #DemDebate #Democrats #Progressives. #TRUMP! htt,
"RT @TheCaptnPlanet: When it comes to harmful fracking.

@HillaryClinton v @BernieSanders Bernie #DemDebate #FeelTheBern #ThePowerIsYours ht", Columbus Ohio 
"RT @TheCaptnPlanet: When it comes to harmful fracking.

@HillaryClinton v @BernieSanders Bernie #DemDebate #FeelTheBern #ThePowerIsYours ht",San Francisco
"RT @TheCaptnPlanet: When it comes to harmful fracking.

@HillaryClinton v @BernieSanders Bernie #DemDebate #FeelTheBern #ThePowerIsYours ht",Cascadia #feelthebern
"RT @nbeninca: ""The American people are sick and tired of hearing about your damn emails!"" -@BernieSanders #DemDebate http://t.co/7gWdQZEUz9",
"Well said, sir.
#Demdebate #Election2016 #GOPdebate
 https://t.co/uLFdZarUVb","Loudonville, NY"
"Well said, sir.
#Demdebate #Election2016 #GOPdebate
 https://t.co/ChlC7RPkWQ","NY, London, ..."
"RT @kimmaytube: The idea that you can manufacture in USA, pay a living wage AND keep prices of goods cheap &amp; affordable for the poorest is",India
"RT @stellaaaa: #TrustHillary because she is competent, qualified and proven.  #HillaryStrong, #NYPrimary #DemDebate",New York City
"RT @PolicyBot: Dear #Hillary what will you do to make sure no one else like you reaches the top?

#DemDebate https://t.co/OwTrWfnyNt","Plainfield, IL"
RT @TinaDesireeBerg: #DNC is only interested in feminists &amp; minorities when they dont impede their cash cow? Donna Edwards https://t.co/1Nv,"Rancho Santa Margarita, CA"
RT @vausecnn: Leaving Las Vegas - look who's on my flight. And for the record the Senator flies southwest #demdebate http://t.co/pTUL6n2I8N,
RT @howboutnow: Didn't @HillaryClinton @Newsday ask u about Femas fraud still going on w/#sandy families? What about AFTER the disaster? #D,NJ
RT @TinaDesireeBerg: #DNC is only interested in feminists &amp; minorities when they dont impede their cash cow? Donna Edwards https://t.co/1Nv,الينوبب ؛♡
RT @TinaDesireeBerg: #DNC is only interested in feminists &amp; minorities when they dont impede their cash cow? Donna Edwards https://t.co/1Nv,"Gold Coast, QLD, Australia"
RT @TinaDesireeBerg: #DNC is only interested in feminists &amp; minorities when they dont impede their cash cow? Donna Edwards https://t.co/1Nv,"Pensilvania, Caldas, Colombia"
RT @TinaDesireeBerg: #DNC is only interested in feminists &amp; minorities when they dont impede their cash cow? Donna Edwards https://t.co/1Nv,
RT @TinaDesireeBerg: #DNC is only interested in feminists &amp; minorities when they dont impede their cash cow? Donna Edwards https://t.co/1Nv,"Jeddah & Dhahran, Saudi Arabia"
RT @TinaDesireeBerg: #DNC is only interested in feminists &amp; minorities when they dont impede their cash cow? Donna Edwards https://t.co/1Nv,Riyadh-Rumah
RT @TinaDesireeBerg: #DNC is only interested in feminists &amp; minorities when they dont impede their cash cow? Donna Edwards https://t.co/1Nv,Laguna Paiva
RT @TinaDesireeBerg: #DNC is only interested in feminists &amp; minorities when they dont impede their cash cow? Donna Edwards https://t.co/1Nv,
"RT @lngsafa54: Homosexuals are spreading the Zika virus in the U.S!

#DemDebate #GreysAnatomy 
https://t.co/36675FqVhA","In your yard, home, and life"
RT @TinaDesireeBerg: #DNC is only interested in feminists &amp; minorities when they dont impede their cash cow? Donna Edwards https://t.co/1Nv,الحسسا ي ععيني 
RT @TinaDesireeBerg: #DNC is only interested in feminists &amp; minorities when they dont impede their cash cow? Donna Edwards https://t.co/1Nv,SA - Dammam 
RT @vausecnn: Leaving Las Vegas - look who's on my flight. And for the record the Senator flies southwest #demdebate http://t.co/pTUL6n2I8N,"Cary, NC"
RT @LATiffani1: A man that mis manages money. A witch that steals your money &amp; an old man that takes your money. #DemDebate https://t.co/RO,
#DNC is only interested in feminists &amp; minorities when they dont impede their cash cow? Donna Edwards https://t.co/1Nvy3lWfzw #DemDebate,"Los Angeles, California"
RT @AntiPCPatriot: We don't NEED anymore #Lying #Criminals as #POTUS #Hillary #Hillary2016 #DemDebate #Democrats #Progressives. #TRUMP! htt,
RT @lhfang: Hillary Clinton gave one major speech during the housing crisis to big banks. She blamed homeowners #demdebate,
RT @BernieSanders: Bernie has released all of the speeches he gave to Wall Street. There were none. Hillarys been looking into it for 70,
"RT @lhfang: As Sec of State, Hillary created a special department to promote fracking around the world #demdebate https://t.co/sKabo5DnI5",
"RT @BernieSanders: With your help, we're going to take back our democracy and demand that the government work for us all. #DemDebate
https:",
"As I recall, the Pledge of Allegiance was to America, not some political party. #Demdebate #Election2016 #GOPdebate","NY, London, ..."
"As I recall, the Pledge of Allegiance was to America, not some political party. #Demdebate #Election2016 #GOPdebate","Loudonville, NY"
#DraftDay #NFLDraft2016 #NationalSuperheroDay #DemDebate #TakeYourKidToWorkDay NEEDS #Trump2016 to #MAGA #TRUMPTrain https://t.co/4s2tcUWNNS,United States (All 50)
Libertarian Drama and the latest #DemDebate discussed on the latest Lions of Liberty roundtable. https://t.co/KdjXZMFEjb,
RT @BarbaraBoxer: .@HillaryClinton won because she goes deep on all the issues America cares about and she knows how to deliver. #DemDebate,California
RT @MLBNCAAScout: On this #DraftDay #NFLDraft2016 #NFLDraft #DemDebate #BobbyKnight #Endorsed the ONLY #MAN to #MAGA #TRUMP2016 #Trump http,United States (All 50)
RT @AntiPCPatriot: We don't NEED anymore #Lying #Criminals as #POTUS #Hillary #Hillary2016 #DemDebate #Democrats #Progressives. #TRUMP! htt,United States (All 50)
RT @leyawn: the problem is more complex and intersectional than we ever imagined... can you solve it @HillaryClinton #DemDebate https://t.c,United States
RT @BarbaraBoxer: .@HillaryClinton won because she goes deep on all the issues America cares about and she knows how to deliver. #DemDebate,Virginia
"RT @HillaryClinton: You don't make America great by getting rid of everything that made America great.

Watch CNN at 9pm ET. #DemDebate
htt",
RT @VeSummerD: Hillary Clinton #Hillary #Hillary2016 #HillaryClinton #Election2016 #ElectionFraud #DemDebate #hillaryemail https://t.co/vKg,United States (All 50)
RT @ScoutDirector: #IVoted! #SuperTuesday #DemDebate #Liberal-#Democrat-#Criminals support Criminals that #Kill &amp; #Rape our #citizens https,United States (All 50)
RT @BarbaraBoxer: .@HillaryClinton won because she goes deep on all the issues America cares about and she knows how to deliver. #DemDebate,"Bethesda, MD"
"RT @JeanetteJing: Under #Hillary2016, the State Dept approved $165 BILLION worth of arms deals for her Foundation's donors. #DemDebate http",
On this #DraftDay #NFLDraft2016 #NFLDraft #DemDebate #BobbyKnight #Endorsed the ONLY #MAN to #MAGA #TRUMP2016 #Trump https://t.co/Zqh4GwsSG1,"United States, Asia, S America"
RT @shierakane: Someone please call this liar out on her Bullshit GO @BernieSanders call her out #DemDebate,
RT @shierakane: Dont change something okay into sometihing better because... um... its tooooo haaaarrrrdddd - Hillary #DemDebate  #TYTLIVE,
RT @politico: Damn right #DemDebate https://t.co/kIqLo6gXDY,
RT @AntiPCPatriot: We don't NEED anymore #Lying #Criminals as #POTUS #Hillary #Hillary2016 #DemDebate #Democrats #Progressives. #TRUMP! htt,"United States, Asia, S America"
RT @BarbaraBoxer: .@HillaryClinton won because she goes deep on all the issues America cares about and she knows how to deliver. #DemDebate,Manhattan
"RT @PolitiFact: Read our #DemDebate fact-checks on the min. wage, guns, abortion and personal wealth: https://t.co/xulL2O2wHP https://t.co/",NewHampshire Pennsylvania
"RT @schutzhund13: .@HillaryClinton Ma'am, Where's the $6,000,000,000 billion you lost? #DemDebate #ToneDownForWhat https://t.co/be4xFTtPme",
"RT @HillaryClinton: Before Hillary takes the #DemDebate stage, check out her record of... https://t.co/kku0JSENDP via @Neighbors4Hill","Dhaka, Bangladesh"
"RT @6grade56: Retweeted Hillary Clinton (@HillaryClinton):

Before Hillary takes the #DemDebate stage, check out her record of... https://t",92078
"RT @BernieSanders: I've been criticized for saying this so let me say it again: I believe health care should be a right, not a privilege. #",573 forever
"RT @JeanetteJing: Under #Hillary2016, the State Dept approved $165 BILLION worth of arms deals for her Foundation's donors. #DemDebate http",
"RT @6grade56: Retweeted Citizens Fed Up (@CitizensFedUp):

#DemDebate https://t.co/C8WnA1sLMv https://t.co/EkS5icgvz1","Texas, USA"
RT @hedeen89: Take this @scrowder SJW trigger card! #DemDebate https://t.co/PvhaFAv0Ik,
RT @BarbaraBoxer: .@HillaryClinton won because she goes deep on all the issues America cares about and she knows how to deliver. #DemDebate,"Washington, DC"
"RT @6grade56: Retweeted Hillary Clinton (@HillaryClinton):

Before Hillary takes the #DemDebate stage, check out her record of... https://t",Florida
RT @350brooklyn: How embarrassing for @CNN--and tragic for everyone else https://t.co/2MySkN333d @wolfblitzer @andersoncooper @FareedZakari,"Eugene, Oregon"
"RT @6grade56: Retweeted Hillary Clinton (@HillaryClinton):

Before Hillary takes the #DemDebate stage, check out her record of... https://t",
"RT @peterdaou: BOTTOM LINE: In the end, this is a battle between #Hillary's visionary realism and #Bernie's unachievable idealism. #DemDeba",
RT @ELLEmagazine: Hillary Clinton finally calls on moderators to #AskaboutAbortion at the #DemDebate https://t.co/KGVaEgdLkX,
"RT @JesseLehrich: .@BernieSanders introduces a lot of lofty legislation... introducing it hasn't helped anyone.
#DemDebate",
"Retweeted Citizens Fed Up (@CitizensFedUp):

#DemDebate https://t.co/C8WnA1sLMv https://t.co/EkS5icgvz1",
"Retweeted Hillary Clinton (@HillaryClinton):

Before Hillary takes the #DemDebate stage, check out her record of... https://t.co/lkaI064D74",
"RT @HillaryClinton: Before Hillary takes the #DemDebate stage, check out her record of results: https://t.co/5yFsWxpHB8",
"RT @peterdaou: #DemDebate preview #3: https://t.co/YlhLz20Nqd
#HillaryClinton #BernieSanders",
RT @HulaZen: #HillNo Watch out for Clinton VOTER FRAUD! #DemDebate #CNNDebate #BrooklynDebate https://t.co/8MBe395bv5,"Go, Seahawks!"
RT @mitrimm: @DavidArcaine This about sums up last night. #DemDebate #ReleaseTheTranscripts #HellNoHill #HillNO #FeelTheBern https://t.co/K,"Go, Seahawks!"
"RT @peterdaou: BOTTOM LINE: In the end, this is a battle between #Hillary's visionary realism and #Bernie's unachievable idealism. #DemDeba",Winchester 
RT @ELLEmagazine: Hillary Clinton finally calls on moderators to #AskaboutAbortion at the #DemDebate https://t.co/KGVaEgdLkX,westchester county ny
"RT @peterdaou: BOTTOM LINE: In the end, this is a battle between #Hillary's visionary realism and #Bernie's unachievable idealism. #DemDeba",westchester county ny
"RT @HillaryClinton: Before Hillary takes the #DemDebate stage, check out her record of results: https://t.co/5yFsWxpHB8",
"RT @WeNeedHillary: Retweet if your ready for Madam President Hillary Clinton 2016!
#DemDebate #ImWithHer
#ShesWithUs https://t.co/ZkI9inN0jD",Florida
RT @davidaxelrod: She did it again and I'll say it again. It's misleading to imply that TARP II was an auto bailout bill. #DemDebate,"St Paul, MN"
"RT @WeNeedHillary: Retweet if your ready for Madam President Hillary Clinton 2016!
#DemDebate #ImWithHer
#ShesWithUs https://t.co/ZkI9inN0jD",
"RT @HillaryClinton: Before Hillary takes the #DemDebate stage, check out her record of results: https://t.co/5yFsWxpHB8",Las Vegas
How embarrassing for @CNN--and tragic for everyone else https://t.co/2MySkN333d @wolfblitzer @andersoncooper @FareedZakaria #DemDebate,"Brooklyn, NY"
RT @ELLEmagazine: Hillary Clinton finally calls on moderators to #AskaboutAbortion at the #DemDebate https://t.co/KGVaEgdLkX,"southern , USA"
RT @davidaxelrod: She did it again and I'll say it again. It's misleading to imply that TARP II was an auto bailout bill. #DemDebate,"Las Cruces, NM"
RT @ELLEmagazine: Hillary Clinton finally calls on moderators to #AskaboutAbortion at the #DemDebate https://t.co/KGVaEgdLkX,
"RT @peterdaou: #DemDebate preview #3: https://t.co/YlhLz20Nqd
#HillaryClinton #BernieSanders","San Diego, CA"
"RT @peterdaou: #DemDebate preview #3: https://t.co/YlhLz20Nqd
#HillaryClinton #BernieSanders",
"RT @HillaryClinton: Before Hillary takes the #DemDebate stage, check out her record of results: https://t.co/5yFsWxpHB8",
"RT @JesseLehrich: .@BernieSanders introduces a lot of lofty legislation... introducing it hasn't helped anyone.
#DemDebate",
RT @ELLEmagazine: Hillary Clinton finally calls on moderators to #AskaboutAbortion at the #DemDebate https://t.co/KGVaEgdLkX,
"RT @peterdaou: BOTTOM LINE: In the end, this is a battle between #Hillary's visionary realism and #Bernie's unachievable idealism. #DemDeba",
"During every #DemDebate, #HillaryClinton has consistently disregarded time limits and interrupted her opponents. @DDDNM #Hillary2016 #rude",United States
RT @BarbaraBoxer: .@HillaryClinton won because she goes deep on all the issues America cares about and she knows how to deliver. #DemDebate,
"RT @omgwtfbrb1min: #DemDebate
Hillary To Do List
1.  Throw Gender Card
2.  Invoke 9/11
3.  Take credit for Bin Laden","California, USA"
"@politico I cannot argue with this at all. @tedcruz  is a pretty conniving, sneaky, weasel of a guy. #DemDebate #Republicans @CNN  @MSNBC",
@POTUS did not create the atmosphere for the rise of @realDonaldTrump. The Repubs did with their obstructionism.@CNN @MSNBC #DemDebate,
RT @politico: Damn right #DemDebate https://t.co/kIqLo6gXDY,at the crib dog / OKC Thunder
RT @skennycomedy: #fracking is a 'gateway' to clean energy the same way marijuana is a gateway to meth #DemDebate,
RT @prezyang: Don't forget to watch the #DemDebate tonight on CNN,
#Progressive Conditioning https://t.co/8jSTSy0RUD #GOPDebate @GOP #FFA @yrnf @TheDemocrats @youngDems #DEMDebate #UniteBlue #OWS #P2 #PJNET,"Minneapolis, Minnesota USA"
RT @AnaKasparian: Here's how progressive Hillary is. #DemDebate https://t.co/JlM4Ml8c1j,"Trondheim, Norge"
"RT @AnaKasparian: Bernie's EPIC Rant DURING The @MSNBC #DemDebate

#FeelTheBern #Bernie2016 https://t.co/YbvR2GofuC","Trondheim, Norge"
"RT @BernieSanders: If we are going to achieve peace, we are going to have to treat the Palestinian people with respect and dignity. #DemDeb",the white house
"RT @WeNeedHillary: Retweet if your ready for Madam President Hillary Clinton 2016!
#DemDebate #ImWithHer
#ShesWithUs https://t.co/ZkI9inN0jD",
"RT @HillaryClinton: You don't make America great by getting rid of everything that made America great.

Watch CNN at 9pm ET. #DemDebate
htt","Florida, USA"
"RT @HillaryClinton: ""Ive been called many things by many people. 'Quitter' is not one of them."" #TBT #DemDebate https://t.co/ThTl0AOFOC","Florida, USA"
"RT @HillaryClinton: #TBT to Hillary in a 2000 debate. Tune in for tonight's #DemDebate at 9:00 p.m. ET.
https://t.co/CvuiR7bfch","Florida, USA"
"RT @HillaryClinton: Before Hillary takes the #DemDebate stage, check out her record of results: https://t.co/5yFsWxpHB8","Florida, USA"
RT @HillaryClinton: RT if you're cheering on Hillary tonight. #DemDebate https://t.co/OTts7XpL2W,"Florida, USA"
"RT @HillaryClinton: ""Sen. Sanders did call me unqualified. I've been called a lot of things in my lifethat was a first."" Hillary #DemDeba","Florida, USA"
RT @HillaryClinton: Sen. Sanders talks a lot about stopping special interests for someone who's voted with the NRA over and over again. #De,"Florida, USA"
RT @HillaryClinton: It's easy to say you'll fix Wall Streetit's harder to actually do it. Hillary has a plan to get it done. https://t.co/,"Florida, USA"
RT @CNN: What to watch for at tonight's #DemDebate in New York https://t.co/Y2TWrPCMI6 https://t.co/24jyNNSMrs,Nowhere and Everywhere ✈
"RT @WeNeedHillary: Retweet if your ready for Madam President Hillary Clinton 2016!
#DemDebate #ImWithHer
#ShesWithUs https://t.co/ZkI9inN0jD",
RT @BarbaraBoxer: .@HillaryClinton won because she goes deep on all the issues America cares about and she knows how to deliver. #DemDebate,Australia 
"RT @WeNeedHillary: Retweet if your ready for Madam President Hillary Clinton 2016!
#DemDebate #ImWithHer
#ShesWithUs https://t.co/ZkI9inN0jD",
"RT @WeNeedHillary: Retweet if your ready for Madam President Hillary Clinton 2016!
#DemDebate #ImWithHer
#ShesWithUs https://t.co/ZkI9inN0jD",New Jersey
"RT @WeNeedHillary: Retweet if your ready for Madam President Hillary Clinton 2016!
#DemDebate #ImWithHer
#ShesWithUs https://t.co/ZkI9inN0jD",
"RT @networkprogress: .@demspring parolees are in the house for ""democracy"" #progressparty &amp; brooklyn #demdebate @1831dc! #p2 #uniteblue htt",
RT @princessomuch: Know what would have helped make Obama's presidency more progressive? If progressives had actually showed up to vote in,"Richmond, VA"
RT @politico: Damn right #DemDebate https://t.co/kIqLo6gXDY,konoha 
RT @CNN: Sanders: Israel has a right to defend itself but calls Gaza op disproportionate https://t.co/ev4IeNYpwm #DemDebate https://t.co/SW,"Oxford, England"
"RT @DOUBTMYPROGRESS: Best seat in the house for a non-elected official! 

#UnidosConBernie #DemDebate https://t.co/6W6OCAGGgw",
"RT @schutzhund13: .@HillaryClinton Ma'am, Where's the $6,000,000,000 billion you lost? #DemDebate #ToneDownForWhat https://t.co/be4xFTtPme",Fortaleza 
RT @BernieSanders: Remember: this is our movement. Watch tonight's #DemDebate and #DebateWithBernie: https://t.co/2iQlh0lRQo,
RT @BernieSanders: Our economy works for Wall Street because it's rigged by Wall Street and that's the problem. #DemDebate,
"RT @BernieSanders: Making public colleges and universities tuition free would save families sending kids to college $9,400 a year on averag",
RT @BernieSanders: Bernies education plan is the only plan that affords lower-income kids the same opportunity for a quality education. #D,
"RT @BernieSanders: I've been criticized for saying this so let me say it again: I believe health care should be a right, not a privilege. #",
RT @HollyConrad: .@KatiWrites got me this coloring book #DemDebate https://t.co/z02fhIHjew,
"RT @schutzhund13: .@HillaryClinton Ma'am, Where's the $6,000,000,000 billion you lost? #DemDebate #ToneDownForWhat https://t.co/be4xFTtPme","Cologne, Germany"
RT @BernieSanders: I'm not just talking the talk when it comes to campaign finance  I am the only one on stage without a super PAC. #DemDe,
RT @BernieSanders: Let's ask why we pay by far the highest drugs prices and they can double tomorrow and there is nothing the gov't can do,
"RT @BernieSanders: Skip the commercials and watch Bernie take on Alan Greenspan. #DemDebate 
https://t.co/9jajkhmMxG",
"RT @JeanetteJing: Under #Hillary2016, the State Dept approved $165 BILLION worth of arms deals for her Foundation's donors. #DemDebate http",
RT @BernieSanders: It's hard to be a real progressive and take on the establishment when you've become dependent on Wall St. and drug compa,
RT @BernieSanders: Its easy to apologize for making bad decisions. Its harder to make the right ones. #DemDebate,
"RT @JeanetteJing: Under #Hillary2016, the State Dept approved $165 BILLION worth of arms deals for her Foundation's donors. #DemDebate http","Unalaska, AK"
"RT @JeanetteJing: Under #Hillary2016, the State Dept approved $165 BILLION worth of arms deals for her Foundation's donors. #DemDebate http",Freezland
"RT @ThisIsFusion: #DemDebate: Don't mind us, we're just watching this old Brooklyn couple argue... https://t.co/pEwijE8oJ4","Kozhikode, India"
@EasyAnalytics1 https://t.co/dQYpG5g348  #CsiCyber Flash Squad #rp #mj #cnn #Gopdebate #Demdebate #ibmwatsonhello #alanwake #quantumbreak,1.usa.gov/asaOYG bit.ly/8D3pYx
"RT @JeanetteJing: Under #Hillary2016, the State Dept approved $165 BILLION worth of arms deals for her Foundation's donors. #DemDebate http",Beautiful CapeTown SA
"RT @JeanetteJing: Under #Hillary2016, the State Dept approved $165 BILLION worth of arms deals for her Foundation's donors. #DemDebate http","England, United Kingdom"
"RT @JeanetteJing: Under #Hillary2016, the State Dept approved $165 BILLION worth of arms deals for her Foundation's donors. #DemDebate http",
"RT @JeanetteJing: Under #Hillary2016, the State Dept approved $165 BILLION worth of arms deals for her Foundation's donors. #DemDebate http",Finland
"RT @JeanetteJing: Under #Hillary2016, the State Dept approved $165 BILLION worth of arms deals for her Foundation's donors. #DemDebate http",UK
"RT @BernieSanders: Experience is important, but so is judgment. And back in 2002 one of us voted the right way on the Iraq War. The other d",
"RT @BernieSanders: If you can't afford to take care of our veterans, then don't send them to war. #DemDebate https://t.co/HofCGtXHQF",
RT @BernieSanders: Fewer email questions. More questions about protecting womens reproductive health. #DemDebate,
RT @BernieSanders: The death penalty disproportionately impacts African-Americans and Latin@s. We must abolish it. #DemDebate,
RT @BernieSanders: Children in Flint will be plagued with brain damage and other health problems. There are no excuses. Gov. Snyder should,
#DemDebate vs #GOPDebate #Obamaphone #FraudCase What's Next =&gt; #TheObamaCar #TheObamaFurniture #ObamaVisaMasterCard LOL #FCCCommissioner,Ohio 
"RT @tparsi: Hillary is essentially blaming the Libya shitshow on Obama now...

#DemDebate",
RT @gt_rman: #DemDebate is trending. When is the last time the @GOP debated?? Demand #TrumpTrain get off his chicken ass &amp; be a candidate.,"Kailua, HI"
Has Hillary gone too far this time? #FeelTheBern #ImWithHer #DemDebate https://t.co/5Ms2CncmkH,"Chicago, IL"
#FCC Commissioner: We Were Told to Keep #Obamaphone  #FraudCase Under Wraps https://t.co/Rx9Elvt7tk #DemDebate vs #GOPDebate  #DamnFreebies,Ohio 
RT @BernieSanders: Trade is a good thing. But trade has got to be fair. And the TPP is anything but fair. #DemDebate,
"RT @BernieSanders: I was not only in opposition to NAFTA, I was on the picket line in opposition to NAFTA. #DemDebate",
RT @BernieSanders: You aren't going to accomplish what we need for working families as long as big money interests control the US Congress.,
RT @BernieSanders: We must pave the way for a swift and fair legislative roadmap to citizenship for eleven million undocumented immigrants.,
RT @kjwinston11: Interesting piece on Clintons outreach to mothers of police brutality victims #DemDebate - https://t.co/nky21JUSoy,
"RT @BernieSanders: On our worst days, it's fair to say we are 100 times better than any Republican candidate. #DemDebate",
"RT @BernieSanders: If we are going to achieve peace, we are going to have to treat the Palestinian people with respect and dignity. #DemDeb",بين الجّد والهزل ❤️
RT @KyleKulinski: Hillary can't bring herself to call this 'disproportionate'. Absolutely pathetic. Morally grotesque. #DemDebate https://t,México
RT @NyniaChance: There will be no peace in the Israel/Palestine region until US steps up with balance and respect for Palestinians. - Sen S,México
Act Out! The Peoples March on Washington #DemocracySpring #DemDebate #DemTownHall #DemPrimary #FeelTheBern #BLM  https://t.co/d7CFzppUfA,
"RT @BernieSanders: If we are going to achieve peace, we are going to have to treat the Palestinian people with respect and dignity. #DemDeb",
"RT @BernieSanders: Making public colleges and universities tuition free would save families sending kids to college $9,400 a year on averag",
This latinamerica class is that she says she wants to explain but I just wish she would have a few specifics #DemDebate,
"RT @PFortunato: human RT @BernieSanders: If we are going to achieve peace, we have to treat the Palestinian people with respect and dignity",
"RT @PFortunato: human RT @BernieSanders: If we are going to achieve peace, we have to treat the Palestinian people with respect and dignity",Apeldoorn e.o.  Netherlands 
"RT @PFortunato: human RT @BernieSanders: If we are going to achieve peace, we have to treat the Palestinian people with respect and dignity",Bermuda Triangle 
"RT @PFortunato: human RT @BernieSanders: If we are going to achieve peace, we have to treat the Palestinian people with respect and dignity",
"RT @PFortunato: human RT @BernieSanders: If we are going to achieve peace, we have to treat the Palestinian people with respect and dignity","New Delhi, India"
House Proceeding 10-25-07 01 : U.S. Congress  #ADayInHistoryWithMe #DemDebate vs #GOPDebate  https://t.co/qIvgRfVkqd via @internetarchive,Ohio 
"RT @HillaryClinton: We need a president who will always put families above the gun lobby. #DemDebate
https://t.co/fh7oXAZLn0",
RT @BernieSanders: Remember: this is our movement. Watch tonight's #DemDebate and #DebateWithBernie: https://t.co/2iQlh0lRQo,
RT @BernieSanders: Our economy works for Wall Street because it's rigged by Wall Street and that's the problem. #DemDebate,
"RT @BernieSanders: Making public colleges and universities tuition free would save families sending kids to college $9,400 a year on averag",
RT @BernieSanders: Its easy to apologize for making bad decisions. Its harder to make the right ones. #DemDebate,
RT @Lnonblonde: Sanders Is Still Suing The Democratic Party #DemDebate https://t.co/tuyfxOgZld,California
RT @princessomuch: #HillaryClinton talked about systemic racism and white privilege in tonight's #DemDebate: https://t.co/slmeppHYue,California
RT @princessomuch: Know what would have helped make Obama's presidency more progressive? If progressives had actually showed up to vote in,Florida 
RT @politico: Damn right #DemDebate https://t.co/kIqLo6gXDY,"Bowie, MD"
"RT @schutzhund13: .@HillaryClinton Ma'am, Where's the $6,000,000,000 billion you lost? #DemDebate #ToneDownForWhat https://t.co/be4xFTtPme",茨城県
RT @princessomuch: Know what would have helped make Obama's presidency more progressive? If progressives had actually showed up to vote in,
RT @WentworthRehab: This!!!!! #ImWithHer #DemDebate #Hillary2016  https://t.co/A9ILogEMI4,Between Agnostic and Atheist
@developerWorks https://t.co/Iva7o46ThQ #Limitless Part2 #rp #mj #cnn #Gopdebate #Demdebate #ibmwatsonhello #alanwake #quantumbreak #devops,1.usa.gov/asaOYG bit.ly/8D3pYx
"#Chicago 7th May - #ruleoflaw and #democracy in Poland
#Demdebate #GOPdebate #POTUS https://t.co/RsjcIVRt9E",Munich
"RT @BernieSanders: If we are going to achieve peace, we are going to have to treat the Palestinian people with respect and dignity. #DemDeb","Dublin, OH"
"HRC misinformed Americans @ #DemDebate 
https://t.co/MVLUMsk8jM
Pls research before branding othrs as being misinfor https://t.co/6KQJdJP84N",
RT @HillaryClinton: It's easy to say you'll fix Wall Streetit's harder to actually do it. Hillary has a plan to get it done. https://t.co/,
RT @BernieSanders: Remember: this is our movement. Watch tonight's #DemDebate and #DebateWithBernie: https://t.co/2iQlh0lRQo,
"RT @ArtworkbyKaleo: ""Income Equality for all"" #BernieSanders #DemDebate https://t.co/CyPPSA2TPs",Honolulu Hi
RT @teachers4bernie: Petitioning @NEAToday: Formally endorse @BernieSanders as our candidate for President. #DemDebate #UnivisionDebate htt,
RT @lisamil61: Mads Gilbert re: bombing and attacks on health facilities by IDF during Operation Protective edge. https://t.co/nt8sV0AcV2 #,London
"RT @TheCaptnPlanet: When it comes to harmful fracking.

@HillaryClinton v @BernieSanders Bernie #DemDebate #FeelTheBern #ThePowerIsYours ht","atlantis, gorgeous "
RT @hedeen89: Take this @scrowder SJW trigger card! #DemDebate https://t.co/PvhaFAv0Ik,"Norwich, UK"
PCCC on #DemDebate: Huge Win for the Warren Wing - Progressive Change Campaign Committee (PCCC) https://t.co/96rk14z3Gy via @BoldProgressive,USA
RT @ArtworkbyKaleo: Proud to have this man representing the people of America. #FeelTheBern #democraticdebate #DemDebate #america https://t,Honolulu Hi
RT @ArtworkbyKaleo: He can WIN! #DemDebate #democraticdebate #DemCaucus #FeelTheBern #BernieSanders #Bernie2016 https://t.co/QkIa8UTxev,Honolulu Hi
"RT @pxwnews: Should #Obama Take #GunControl into His Own Hands?

#DemDebate 
https://t.co/yFCwuciJSg",
RT @NumbersMuncher: This really is one of the most entertaining pictures in the history of political debates. #demdebate https://t.co/KtZtU,"Washington, USA"
RT @hedeen89: Take this @scrowder SJW trigger card! #DemDebate https://t.co/PvhaFAv0Ik,
"RT @BernieSanders: If we are going to achieve peace, we are going to have to treat the Palestinian people with respect and dignity. #DemDeb","Ohio, USA"
RT @hillaryruns: Play @hillaryruns @HillaryClinton to show your support for her in the #DemDebate! #ImWithHer #HillarySoQualified https://t,"O.C., CA, U.S.A."
#BeDrivenForSuccessTues #ADayInHistoryWithMe &amp; Family @AbbyMartin https://t.co/aiuqQcceDb #CrookedHillary #DemDebate https://t.co/M2q41fNo9X,Ohio 
"RT @HillaryClinton: We need a president who will always put families above the gun lobby. #DemDebate
https://t.co/fh7oXAZLn0",
"RT @astrokatey: Hillary just dodged releasing speech transcripts, but also just threw shade at Turing and Martin Shkreli #DemDebate #Im4Hil","Tampa,Fl Born: Niagara Falls "
RT @astrokatey: Theyre debating who has more economists who like their plan to punish Wall Street! #demdebate #Im4Hillary,"Tampa,Fl Born: Niagara Falls "
RT @ornerysometimes: #DemDebate Bernie is whining. Sounds desperate. All talk. Nasty now. No substance. #Im4Hillary #ImWithHillary,"Tampa,Fl Born: Niagara Falls "
RT @Tim_Canova: #DemDebate between me and @DWStweets? I've already proposed 6 debates; DWS says none #DebbieDodgesDebates  #reddit https://,City of Angels 
RT @froomkin: When Sanders said history has outpaced Clinton he meant this: 60M now slated to get $15 minimum wage https://t.co/txlpGXUVwi,Tucson Arizona US
RT @BarbaraBoxer: .@HillaryClinton won because she goes deep on all the issues America cares about and she knows how to deliver. #DemDebate,
RT @Phil_Radford: Hillary lost me on #climate. #DemDebate,Tucson Arizona US
RT @NumbersMuncher: This really is one of the most entertaining pictures in the history of political debates. #demdebate https://t.co/KtZtU,"Michigan, USA"
RT @NumbersMuncher: This really is one of the most entertaining pictures in the history of political debates. #demdebate https://t.co/KtZtU,
RT @NumbersMuncher: This really is one of the most entertaining pictures in the history of political debates. #demdebate https://t.co/KtZtU,"Kettering, OH"
RT @princessomuch: Know what would have helped make Obama's presidency more progressive? If progressives had actually showed up to vote in,"ABQ, NM"
RT @realDonaldTrump: Notice that illegal immigrants will be given ObamaCare and free college tuition but nothing has been mentioned about o,
"RT @OzForBernie: So did the #DemDebate cover how
Bernie Sanders is *consistently*
on the
 right side of history ?

#FeelTheBern https:/",
"RT @BernieSanders: With your help, we're going to take back our democracy and demand that the government work for us all. #DemDebate
https:",
RT @Tim_Canova: #DemDebate between me and @DWStweets? I've already proposed 6 debates; DWS says none #DebbieDodgesDebates  #reddit https://,second star to the left 
NO regrets? David Axelrod thinks Hillary fumbled Libya question at #DemDebate https://t.co/TipqBTQf7u,"Chincoteague, VA"
RT @justlenawithit: awh bernie is so nice. they keep provoking him to be mean to Hillary and he refuses. love u bb @BernieSanders #DemDebate,"Shandong, China"
"RT @GOPTeens: #Teens: Here's a riddle -- What debate has TWO #losers?

The #DemDebate!  THREE if you count @CNN!

#Retweet this.",D E A T H
RT @BarbaraBoxer: .@HillaryClinton won because she goes deep on all the issues America cares about and she knows how to deliver. #DemDebate,"California, USA"
"@SenSanders omg, liberals and socialists are so bad at math. #LiberalLogic #DemDebate",
RT @nyindieguy: Been drinking each time Bernie says Wall Street. I'm already blitzed. #DemDebate,New York
RT @Nuberoi2: #TeamNY is excited for the #BrooklynDebate! #HRC4NYC #ImWithHer #DemDebate #DealMeIn https://t.co/5dveLWMTOS,"New Jersey, USA"
RT @BarbaraBoxer: .@HillaryClinton won because she goes deep on all the issues America cares about and she knows how to deliver. #DemDebate,New York New York
"RT @Dr_Straker: Ever attack levied on Bernie by Hillary just stinks of ""Ugh, I don't really buy that argument."" #DemDebate",
RT @gt_rman: #DemDebate is trending. When is the last time the @GOP debated?? Demand #TrumpTrain get off his chicken ass &amp; be a candidate.,
RT @BarbaraBoxer: .@HillaryClinton won because she goes deep on all the issues America cares about and she knows how to deliver. #DemDebate,United States NY
The #shortfingeredvulgerean aka #Trump wouldn't be where he is if he wasn't a trust fund baby &amp;white entitled male! #DemDebate #hillary2016,present
RT @BarbaraBoxer: .@HillaryClinton won because she goes deep on all the issues America cares about and she knows how to deliver. #DemDebate,"Maine, USA"
"RT @BernieSanders: With your help, we're going to take back our democracy and demand that the government work for us all. #DemDebate
https:",
RT @BarbaraBoxer: .@HillaryClinton won because she goes deep on all the issues America cares about and she knows how to deliver. #DemDebate,"Chicago, IL"
RT @BarbaraBoxer: .@HillaryClinton won because she goes deep on all the issues America cares about and she knows how to deliver. #DemDebate,
#DemDebate is trending. When is the last time the @GOP debated?? Demand #TrumpTrain get off his chicken ass &amp; be a candidate. #CruzCrew,California
RT @BarbaraBoxer: .@HillaryClinton won because she goes deep on all the issues America cares about and she knows how to deliver. #DemDebate,
RT @graceslick77: @mrsLiberal I #support this tweet!!!!!!!! #DemDebate,
"RT @Ibrahim_Sapien: I can't do it. If it's not Bernie, I'd rather have Trump over Hillary. I can't stand her dishonesty and fakeness. #Neve",Connecticut  & Georgia
RT @Libertea2012: The people vs. the Establishment. We shall prevail!! #FeelTheBern #DemDebate #1u #UniteBlue https://t.co/0VWkkGiVLI https,upstate new york
RT @Maninthetower78: Bernie put out commercials today that are full of lies about HILLARY today!! #NYPrimary #DemDebate #ImWithHer #Im4Hill,"Pennsylvania, USA"
The people vs. the Establishment. We shall prevail!! #FeelTheBern #DemDebate #1u #UniteBlue https://t.co/0VWkkGiVLI https://t.co/DmxWvvfYYV,ProgressiveLand
RT @BarbaraBoxer: .@HillaryClinton won because she goes deep on all the issues America cares about and she knows how to deliver. #DemDebate,"Los Angeles, CA"
RT @BarbaraBoxer: .@HillaryClinton won because she goes deep on all the issues America cares about and she knows how to deliver. #DemDebate,"Seattle, WA"
RT @BarbaraBoxer: .@HillaryClinton won because she goes deep on all the issues America cares about and she knows how to deliver. #DemDebate,
"RT @RichardAngwin: Choose a nominee who can't be bought
Vote for Bernie Sanders
#DemDebate #NYPrimary #tcot
#FeelTheBern #ImWithHer #1u htt","Boulder, Colorado"
"RT @jakemayphoto: 8-year-old Mari Copeny stands in protest asking ""Justice for Flint"" before a rally at @UMFlint before #DemDebate. https:/","Weehawken, NJ"
RT @Maninthetower78: Bernie put out commercials today that are full of lies about HILLARY today!! #NYPrimary #DemDebate #ImWithHer #Im4Hill,"Tampa,Fl Born: Niagara Falls "
"@USATODAY Think big, like imaginary big, like #snuffaluffagus imaginary big! #DemPrimary #DemDebate",
RT @BarbaraBoxer: .@HillaryClinton won because she goes deep on all the issues America cares about and she knows how to deliver. #DemDebate,Earth
RT @hedeen89: Take this @scrowder SJW trigger card! #DemDebate https://t.co/PvhaFAv0Ik,
RT @CNN: Clinton Campaign Chairman: Calls to release speeches a double standard https://t.co/hDeHhT7T67 #DemDebate https://t.co/jyx8hWL6u1,new york city
RT @Libertea2012: The people vs. the Establishment. We shall prevail!! #FeelTheBern #DemDebate #1u #UniteBlue https://t.co/0VWkkGiVLI https,upstate new york
RT @BarbaraBoxer: .@HillaryClinton won because she goes deep on all the issues America cares about and she knows how to deliver. #DemDebate,"Rancho Mirage, CA"
#Japanese #AsiaPacific #DemDebate #GOPdebate American Mine &amp; Korean Ship https://t.co/07OqvazXIQ https://t.co/wkyUuZ0HqN,
RT @BarbaraBoxer: .@HillaryClinton won because she goes deep on all the issues America cares about and she knows how to deliver. #DemDebate,
Fuck this #clinton #comedy #funny #lol #demdebate (Vine by @POLIGRAPHME) https://t.co/HX320gvpu5,Jawga
RT @people4bern: .@BernieSanders #DemDebate Let us not forget that #Hillary said Iraq was a simple mistake and a business opportunity https,New York
RT @BarbaraBoxer: .@HillaryClinton won because she goes deep on all the issues America cares about and she knows how to deliver. #DemDebate,"Indiana, USA"
RT @VeSummerD: Hillary Clinton #Hillary #Hillary2016 #DemDebate #election2016 #hillaryresearch #crooked #money #MoneyMonster https://t.co/9,
RT @sickjew: Clinton knows full well that Israel is the aggressor in assaults on Gaza. Wikileaks cables show it. #DemDebate,Jews are Ruining Your Life
RT @BarbaraBoxer: .@HillaryClinton won because she goes deep on all the issues America cares about and she knows how to deliver. #DemDebate,"Franklin, IN"
RT @BarbaraBoxer: .@HillaryClinton won because she goes deep on all the issues America cares about and she knows how to deliver. #DemDebate,
"RT @PrivilegeC2: Bernie alienated a lot of voters tonight with his ""whites don't know what poverty is"" comment. And Hillary didn't call him","Pennsylvania, USA"
"RT @PrivilegeC2: Bernie alienated a lot of voters tonight with his ""whites don't know what poverty is"" comment. And Hillary didn't call him",Los Angeles
RT @TulsiGabbard: All 3 candidates opened with thoughts on #MartinLutherKing Here's one of my fav quotes.  What's yours? #DemDebate https:/,In a swing state
"RT @Kermit_Progress: Awww shucks ...

The #DemDebate forgot to ask #Hillary2016 about her #KKK Klansman support.

https://t.co/hUiBEhnOH7 h",
RT @VeSummerD: Hillary Clinton #Hillary #Hillary2016 #DemDebate #election2016 #hillaryresearch #crooked #money #MoneyMonster https://t.co/9,"Detroit, MI"
RT @BarbaraBoxer: .@HillaryClinton won because she goes deep on all the issues America cares about and she knows how to deliver. #DemDebate,
RT @BarbaraBoxer: .@HillaryClinton won because she goes deep on all the issues America cares about and she knows how to deliver. #DemDebate,
RT @VeSummerD: Hillary Clinton #Hillary #Hillary2016 #DemDebate #election2016 #hillaryresearch #crooked #money #MoneyMonster https://t.co/9,
RT @VeSummerD: Hillary Clinton #Hillary #Hillary2016 #DemDebate #election2016 #hillaryresearch #crooked #money #MoneyMonster https://t.co/9,
RT @VeSummerD: Hillary Clinton #Hillary #Hillary2016 #DemDebate #election2016 #hillaryresearch #crooked #money #MoneyMonster https://t.co/9,
RT @BarbaraBoxer: .@HillaryClinton won because she goes deep on all the issues America cares about and she knows how to deliver. #DemDebate,
RT @VeSummerD: Hillary Clinton #Hillary #Hillary2016 #DemDebate #election2016 #hillaryresearch #crooked #money #MoneyMonster https://t.co/9,في جميع أنحاء العالم
RT @VeSummerD: Hillary Clinton #Hillary #Hillary2016 #DemDebate #election2016 #hillaryresearch #crooked #money #MoneyMonster https://t.co/9,Detroit MI
RT @VeSummerD: Hillary Clinton #Hillary #Hillary2016 #DemDebate #election2016 #hillaryresearch #crooked #money #MoneyMonster https://t.co/9,"Burlington, VT"
RT @BarbaraBoxer: .@HillaryClinton won because she goes deep on all the issues America cares about and she knows how to deliver. #DemDebate,
RT @BarbaraBoxer: .@HillaryClinton won because she goes deep on all the issues America cares about and she knows how to deliver. #DemDebate,"Chappaqua, NY"
RT @rentpineapples: https://t.co/TuYc1V15yA #hillarysoqualifed for Prison #HillaryWashywood #WarHawks #BernieSanders #DNCCorruption #DemDeb,
RT @releasetruth: All I want is to go back to college!!! Please vote for @BernieSanders! #Election2016 #DemDebate #republicandebate #public,San Francisco
RT @writeinbernie: Anyone who is lacking in a conscience may find that Hillary Clinton best meets their needs. #FeelTheBern #DemDebate http,France
"RT @JohnGGalt: The media exposed:
#DemDebate
#MakeAmericaGreatAgain https://t.co/Ql6ztwfkHC",
RT @peteravalencia: .@BernieSanders where are the returns? #ReleaseTheReturns #DemDebate,
https://t.co/TuYc1V15yA #hillarysoqualifed for Prison #HillaryWashywood #WarHawks #BernieSanders #DNCCorruption #DemDebate #democracy #RP,
RT @Libertea2012: The people vs. the Establishment. We shall prevail!! #FeelTheBern #DemDebate #1u #UniteBlue https://t.co/0VWkkGiVLI https,98674
"RT @schutzhund13: .@HillaryClinton Ma'am, Where's the $6,000,000,000 billion you lost? #DemDebate #ToneDownForWhat https://t.co/be4xFTtPme",
RT @Libertea2012: The people vs. the Establishment. We shall prevail!! #FeelTheBern #DemDebate #1u #UniteBlue https://t.co/0VWkkGiVLI https,
RT @nylitgirl: So many reasons I'm not voting for #Bernie. One of them is. . .He's not a Democrat. #ImWithHer #ReleaseTheReturns #DemDebate,
RT @people4bern: .@BernieSanders #DemDebate Let us not forget that #Hillary said Iraq was a simple mistake and a business opportunity https,
RT @Libertea2012: The people vs. the Establishment. We shall prevail!! #FeelTheBern #DemDebate #1u #UniteBlue https://t.co/0VWkkGiVLI https,FreeThinking Citizen Of Earth 
RT @people4bern: .@BernieSanders #DemDebate Let us not forget that #Hillary said Iraq was a simple mistake and a business opportunity https,"Palm Beach, FL"
The people vs. the Establishment. We shall prevail!! #FeelTheBern #DemDebate #1u #UniteBlue https://t.co/0VWkkGiVLI https://t.co/NNgrg6jpVl,ProgressiveLand
"#Hillary supporters right about #Bernie not really #Democrat. Correct. He's for America 1st,  Voter 2nd, Party last #Demdebate #Election2016","NY, London, ..."
"RT @BernieSanders: Making public colleges and universities tuition free would save families sending kids to college $9,400 a year on averag",
RT @JustAnotherRich: @CNN what a joke she is.  #NeverHillary #releasethetranscripts #FeelTheBern #StillSanders #NYPrimary #demdebate https:,
"Most Americans would vote for #Bernie.
Most party Democrats will vote #Hillary
And #Trump can beat her.
#Demdebate #Election2016","NY, London, ..."
RT @MarkRuffalo: Young people love @BernieSanders because he is credible. You can't fight for the many when you take so much money from the,
RT @digitaldeij: The fact that @BernieSanders has to argue for the case that Palestinians should be treated with humanity is depressing. #d,Shadow of the Hub of Universe
"RT @PrivilegeC2: Bernie alienated a lot of voters tonight with his ""whites don't know what poverty is"" comment. And Hillary didn't call him",South Bay
"A rose is a rose is a rose
#Demdebate
https://t.co/3CetZmb4RZ","NY, London, ..."
"By winning Presidency. #Demdebate #GOPDebate
https://t.co/0WewQANJIa","NY, London, ..."
"RT @HillaryClinton: We need a president who will always put families above the gun lobby. #DemDebate
https://t.co/fh7oXAZLn0",
RT @RNRMaryland: #RedFriday I stand with the #Veteran who do you stand with? Punks disrespect our country #RedNationRising #DemDebate https,United States
RT @hedeen89: Take this @scrowder SJW trigger card! #DemDebate https://t.co/PvhaFAv0Ik,
"RT @ericarussi: Did @HillaryClinton really just pull the ""woman card"" to differentiate herself from the Obama admin? #DemDebate #womancar","North Gates, NY"
Progressives love the Family n Med leave act singed by @billclinton He and @HillaryClinton should mention it more #2016 #DemDebate #Clinton,Panamá
RT @MrPlotnik: Progressives love the Family n Med leave act singed by @billclinton He and @HillaryClinton should mention it more #2016 #Dem,"Culver City, CA"
RT @Libertea2012: We've had enough of puppet politicians! Support Bernie Sanders #FeelTheBern #DemDebate https://t.co/xNDxjNUt6V https://t.,
RT @WGRsean: I'm just really confused with @HillaryClinton shirt. It's like a track jacket and a choir robe all in one #DemDebate,"New York, USA"
RT @CultureShlock: .@HillaryClinton is obviously pandering to the far left by wearing a jacket formerly owned by Chairman Mao. #tytlive #De,I stand with Ali Nimr
RT @CultureShlock: .@HillaryClinton is obviously pandering to the far left by wearing a jacket formerly owned by Chairman Mao. #tytlive #De,"New York, USA"
"RT @CNNPolitics: Clinton: Obama ""trusted my judgment enough to ask me to be Secretary of State"" https://t.co/yDhqXCFtt1 #DemDebate https://",America
"RT @HillaryClinton: We need a president who will always put families above the gun lobby. #DemDebate
https://t.co/fh7oXAZLn0",Teachers Against Guns Facebook
"RT @MartinOMalley: Said this in 2012 about @MittRomney's tax returns, I'll say it today: @HillaryClinton should release the Wall Street tra","Denver, USA"
RT @YourGOPHumor: Who wore it better? #DemDebate https://t.co/f8S64kypeW,"North Richland Hills, TX"
"RT @davidaxelrod: Whether you agree with his position or not, no one can accuse @SenSanders of pandering in NY on Israel. #demdebate","Denver, USA"
"RT @KaydeeKing: It drives me NUTS that HRC uses her husband &amp; Obama's successes as her own &amp; then uses ""but that was them not me"" later. ","Santa Cruz, California"
"RT @KaydeeKing: It drives me NUTS that HRC uses her husband &amp; Obama's successes as her own &amp; then uses ""but that was them not me"" later. ","Denver, USA"
"RT @HillaryClinton: We need a president who will always put families above the gun lobby. #DemDebate
https://t.co/fh7oXAZLn0","Bogotá, D.C., Colombia"
"RT @HillaryClinton: We need a president who will always put families above the gun lobby. #DemDebate
https://t.co/fh7oXAZLn0",
"RT @GOP: But these were Clinton's ""accomplishments"" while Secretary of State #DemDebate #BrooklynBrawl https://t.co/KEd6RO5uZG","Franklin, MA"
RT @BarbaraBoxer: .@HillaryClinton won because she goes deep on all the issues America cares about and she knows how to deliver. #DemDebate,california coast
RT @BarbaraBoxer: .@HillaryClinton won because she goes deep on all the issues America cares about and she knows how to deliver. #DemDebate,
"RT @allriot_tshirts: Look at those hands.Are those small hands? -Trump
What would be a good name for this design?
#DemDebate #NeverTrump ht","Connecticut, USA"
RT @RAMRODham: I have never flip flopped. Please don't Google that. #DemDebate,"Long Island, NY"
RT @Spider_ke: The messier his hair gets the more powerful he becomes. #FeelTheBern #DemDebate https://t.co/prFsBoef49,"NC, VA, WV, DC, NJ, NY"
RT @BarbaraBoxer: .@HillaryClinton won because she goes deep on all the issues America cares about and she knows how to deliver. #DemDebate,Los Angeles
"Savage on #BernieSanders, #DemDebate, #Blacks &amp; #Racism https://t.co/T4djFsci10 via @YouTube",A cave in the Sunshine State
#DemDebate #ADayInHistoryWithMe &amp; My Family #WeThePeople vs #CrookedHillary  OBAMA's ENDGAME REVEALED BY KGB   Commuhttps://t.co/BKRfUTC7rE,Ohio 
RT @pewresearch: Many NATO countries are reluctant to use force to defend allies https://t.co/IlF8r9goGX #DemDebate https://t.co/RqySZ2dIcR,Antarctica
"RT @HillaryClinton: We need a president who will always put families above the gun lobby. #DemDebate
https://t.co/fh7oXAZLn0",
"$50  Code Lyft -""TWITTER50""  Snowden #DemDebate  Erotic CityHard Summer https://t.co/k2oKMPOhNt",
RT @people4bern: .@BernieSanders #DemDebate Let us not forget that #Hillary said Iraq was a simple mistake and a business opportunity https,LilCornerOfUniverse
RT @Libertea2012: RT Hillary *did* want single-payer healthcare - then this happened - now she doesn't. #DemDebate https://t.co/pbClHe7qjF:,
Progressives love the Family n Med leave act singed by @billclinton He and @HillaryClinton should mention it more #2016 #DemDebate #Clinton,"Los Angeles, CA"
"RT @tparsi: Hillary is essentially blaming the Libya shitshow on Obama now...

#DemDebate",Camp Deer Haven
RT @people4bern: .@BernieSanders #DemDebate Let us not forget that #Hillary said Iraq was a simple mistake and a business opportunity https,
RT @madjungcomputer: Bernie Sanders = test run for @HillaryClinton debating condescending patronizing white guy on live TV #DemDebate,"Chicago, IL"
RT @people4bern: .@BernieSanders #DemDebate Let us not forget that #Hillary said Iraq was a simple mistake and a business opportunity https,NY
"RT @Craftmastah: Hillary shouldn't be debating, she should be behind bars. #Benghazi #DemDebate https://t.co/qUary8ximU",Land of Aaaz
RT @Craftmastah: How I Feel Watching the #DemDebate ... https://t.co/iZGAWfBHFq,Western USA
"RT @Craftmastah: Hillary shouldn't be debating, she should be behind bars. #Benghazi #DemDebate https://t.co/qUary8ximU",Western USA
RT @Craftmastah: Every time Hillary Clinton Speaks... #DemDebate https://t.co/huW1hzAjfa,Western USA
RT @DBJacksonAuthor: #DemDebate Bernie has lost my respect with his smarmy accusations and patronizing attitude,Made it to NC.....see ya WI!
RT @people4bern: .@BernieSanders #DemDebate Let us not forget that #Hillary said Iraq was a simple mistake and a business opportunity https,"Tokyo, Japan"
RT @Drzwiprosze: Stein pens open letter to Bernie: cooperate on political revolution https://t.co/KCVRuoJ6uW via @Salon #FeelTheBern #Dem,"Arlington, VA"
RT @debthelitigator: Dr. Jill Stein coming with straights facts #FeelTheBern #DemDebate #ImWithJill #NeverHillary https://t.co/kbv7oEY2uI,"Arlington, VA"
"RT @skyeewriter: Im sick of Bernies patronizing, finger-pointing, sarcasm. He acts like a misogynistic old white guy. #DemDebate","Gustine, California"
"RT @HillaryClinton: We need a president who will always put families above the gun lobby. #DemDebate
https://t.co/fh7oXAZLn0","Cape Town, South Africa"
"RT @LibertyNews1776: So, @HillaryClinton, you ""always get the job done""? Some may disagree. #Benghazi #DemDebate #tcot http://t.co/Hk8yv3qy",
"RT @KhalDrogoooo: @karendj @YoHi64 Jill Stein is totally bad ass, btw, don't read her #demdebate tweets if you like Clinton, Stein tore her","Arlington, VA"
RT @madjungcomputer: Bernie Sanders = test run for @HillaryClinton debating condescending patronizing white guy on live TV #DemDebate,South Bay
"RT @skyeewriter: Im sick of Bernies patronizing, finger-pointing, sarcasm. He acts like a misogynistic old white guy. #DemDebate",South Bay
"RT @HillaryClinton: We need a president who will always put families above the gun lobby. #DemDebate
https://t.co/fh7oXAZLn0","Los Angeles, California"
RT @LLCanada: Bernie Sanders is such a patronizing ahole. #DemDebate,South Bay
RT @DBJacksonAuthor: #DemDebate Bernie has lost my respect with his smarmy accusations and patronizing attitude,South Bay
"RT @tparsi: A new political reality:

Bernie: We must treat the Palestinian people with respect and dignity. *massive applause*

#DemDebate",Frequently Censored Here
"RT @tparsi: Hillary is essentially blaming the Libya shitshow on Obama now...

#DemDebate",Frequently Censored Here
"RT @carmenriosss: during every #demdebate i tire of bernie's patronizing bullshit. stop being a dick, dude. #imwithher #shewinswewin",South Bay
"From the War on Poverty to the War on Crime review  disturbing history 
https://t.co/4LYCvTyqQl 
#DemDebate #cnn #foxnews #msnbc",
"RT @tparsi: Hillary is essentially blaming the Libya shitshow on Obama now...

#DemDebate","Austin, Texas"
"RT @tparsi: Hillary is essentially blaming the Libya shitshow on Obama now...

#DemDebate",
RT @Hillary2016Pres: Hillarys plan to raise American incomes. https://t.co/SyGUblACUN @HillaryClinton #Hillary2016 #ImWithHer #GOPdebate ht,NYC
RT @Hillary2016Pres: Hillarys plan to raise American incomes. https://t.co/SyGUblACUN @HillaryClinton #Hillary2016 #ImWithHer #GOPdebate ht,Boston native
RT @Hillary2016Pres: Hillarys plan to raise American incomes. https://t.co/SyGUblACUN @HillaryClinton #Hillary2016 #ImWithHer #GOPdebate ht,Boston MA and Newport ME
RT @Hillary2016Pres: Republicans who want to repeal the ACA should try telling that to the 18 million people who have health coverage becau,
"It's time for another #GOPdebate! @realDonaldTrump has changed his positions so much the past 45+days, America need to know where he stands!","Washington, IA"
RT @Hillary2016Pres: There is only one candidate who is capable of dealing with today's world. @HillaryClinton #Hillary2016 #GOPdebate http,http://go.shr.lc/1YARLHc
"RT @immigrant4trump: Trump: It was legal immigrants that made America great! 
Watch Fullhttps://t.co/DSHIUc4C7N #GOPDebate #Trump2016 http",
RT @Hillary2016Pres: There is only one candidate who is capable of dealing with today's world. @HillaryClinton #Hillary2016 #GOPdebate http,Perth Amboy NJ
RT @Hillary2016Pres: There is only one candidate who is capable of dealing with today's world. @HillaryClinton #Hillary2016 #GOPdebate http,
RT @Hillary2016Pres: Republicans who want to repeal the ACA should try telling that to the 18 million people who have health coverage becau,Central. California
RT @salpaulsen: My only regret is there are no #GOPDebate #DemDebate #DemTownHall #GOPTownHall to remind me what really doesnt matter tonig,"Los Angeles, CA"
RT @Hillary2016Pres: There is only one candidate who is capable of dealing with today's world. @HillaryClinton #Hillary2016 #GOPdebate http,Arrondisment de Brooklyn
RT @Hillary2016Pres: Hillarys plan to raise American incomes. https://t.co/SyGUblACUN @HillaryClinton #Hillary2016 #ImWithHer #GOPdebate ht,
RT @Hillary2016Pres: There is only one candidate who is capable of dealing with today's world. @HillaryClinton #Hillary2016 #GOPdebate http,Long Beach
RT @Hillary2016Pres: Republicans who want to repeal the ACA should try telling that to the 18 million people who have health coverage becau,"Washington, D.C. Metro - DMV"
Why were there so many #GOPDebate and now there are none? #Trump is scared of #Cruz,Maryland
RT @Hillary2016Pres: Hillarys plan to raise American incomes. https://t.co/SyGUblACUN @HillaryClinton #Hillary2016 #ImWithHer #GOPdebate ht,Delaware
My only regret is there are no #GOPDebate #DemDebate #DemTownHall #GOPTownHall to remind me what really doesnt matter tonight. I need a hug.,"Arden Hills, Minnesota"
Hillarys plan to raise American incomes. https://t.co/SyGUblACUN @HillaryClinton #Hillary2016 #ImWithHer #GOPdebate https://t.co/E4Zf6mVu9h,U.S.A
"RT @JefBrads: Looking Presidential...
#TedCruz at #GOPdebate vs #Trump #NYvalues
#CruzCrew or #TrumpTrain https://t.co/HngTgFekkh","Frisco, TX"
"RT @JefBrads: Looking Presidential...
#TedCruz at #GOPdebate vs #Trump #NYvalues
#CruzCrew or #TrumpTrain https://t.co/HngTgFekkh",North heading South
RT @Hillary2016Pres: Republicans who want to repeal the ACA should try telling that to the 18 million people who have health coverage becau,"Houston, Texas"
RT @Hillary2016Pres: Republicans who want to repeal the ACA should try telling that to the 18 million people who have health coverage becau,
"RT @JefBrads: Looking Presidential...
#TedCruz at #GOPdebate vs #Trump #NYvalues
#CruzCrew or #TrumpTrain https://t.co/HngTgFekkh",
"RT @JefBrads: Looking Presidential...
#TedCruz at #GOPdebate vs #Trump #NYvalues
#CruzCrew or #TrumpTrain https://t.co/HngTgFekkh",USA
RT @Hillary2016Pres: Republicans who want to repeal the ACA should try telling that to the 18 million people who have health coverage becau,Texas (I don't hate it...)
RT @Hillary2016Pres: There is only one candidate who is capable of dealing with today's world. @HillaryClinton #Hillary2016 #GOPdebate http,"California, USA"
RT @Hillary2016Pres: There is only one candidate who is capable of dealing with today's world. @HillaryClinton #Hillary2016 #GOPdebate http,"San Francisco, CA, USA"
RT @Hillary2016Pres: There is only one candidate who is capable of dealing with today's world. @HillaryClinton #Hillary2016 #GOPdebate http,"Portland, OR"
"RT @freestyldesign: Boehner is establishment as ever,hates Cruz Constitutionalist https://t.co/8ziLLZX8KQ #tcot #ccot #pjnet #gopdebate #re","Johnstown, PA"
RT @Hillary2016Pres: Republicans who want to repeal the ACA should try telling that to the 18 million people who have health coverage becau,
"RT @freestyldesign: Boehner is establishment as ever,hates Cruz Constitutionalist https://t.co/8ziLLZX8KQ #tcot #ccot #pjnet #gopdebate #re","Suffolk , Lake Ronkonkoma , NY"
RT @Hillary2016Pres: Republicans who want to repeal the ACA should try telling that to the 18 million people who have health coverage becau,
RT @Hillary2016Pres: There is only one candidate who is capable of dealing with today's world. @HillaryClinton #Hillary2016 #GOPdebate http,"Jacksonville, NC"
RT @Hillary2016Pres: There is only one candidate who is capable of dealing with today's world. @HillaryClinton #Hillary2016 #GOPdebate http,Rockies MST
RT @Hillary2016Pres: Republicans who want to repeal the ACA should try telling that to the 18 million people who have health coverage becau,
Republicans who want to repeal the ACA should try telling that to the 18 million people who have health coverage because of it. #GOPdebate,U.S.A
RT @chellegaylor24: GOP continue to disrespect US military. Weak/depleted is not a way to describe the most powerful Armed Forces in the wo,WI
RT @chellegaylor24: GOP continue to disrespect US military. Weak/depleted is not a way to describe the most powerful Armed Forces in the wo,Planet Earth
RT @CannibalMag: Watch out @HillaryClinton! There's a new sheriff in town! #GOPDebate #TRUMP https://t.co/XfJ5gwDmP6,"Tennessee, USA"
RT @Hillary2016Pres: Don't hate me cause I'm fabulous! @HillaryClinton #Hillary2016 #ImWithHer #GOPdebate https://t.co/zAw5a4kgG7,"Texas, USA"
RT @recycledchicfw: It's been 48 days since the last #GOPDebate. RT if you think @realDonaldTrump should debate! https://t.co/Y5iaCnMtki #C,Charleston S.C.
RT @Hillary2016Pres: RT @GKMTNtwits I'm voting for #HillaryClinton because: #ImWithHer  @HillaryClinton #Hillary2016 #GOPdebate https://,"Florida, USA"
RT @Hillary2016Pres: There is only one candidate who is capable of dealing with today's world. @HillaryClinton #Hillary2016 #GOPdebate http,
RT @recycledchicfw: It's been 48 days since the last #GOPDebate. RT if you think @realDonaldTrump should debate! https://t.co/Y5iaCnMtki #C,United States
RT @recycledchicfw: It's been 48 days since the last #GOPDebate. RT if you think @realDonaldTrump should debate! https://t.co/Y5iaCnMtki #C,American Midwest
#TedCruz #americachoice #GOPDebate Ted Cruz talking about Castro https://t.co/oNhiTf7I1i,
RT @Hillary2016Pres: RT @GKMTNtwits I'm voting for #HillaryClinton because: #ImWithHer  @HillaryClinton #Hillary2016 #GOPdebate https://,
@GKMTNtwits voting for #HillaryClinton because: #ImWithHer  @HillaryClinton #Hillary2016 #GOPdebate Reading Vote. https://t.co/S3SBKmqzcb,
RT @chellegaylor24: GOP continue to disrespect US military. Weak/depleted is not a way to describe the most powerful Armed Forces in the wo,"America, The Beautiful"
RT @GKMTNtwits I'm voting for #HillaryClinton because: #ImWithHer  @HillaryClinton #Hillary2016 #GOPdebate https://t.co/X8QLhk13uj,U.S.A
RT @realtimwilliams: Donald Trump just did every emoji face on your phone in 7 seconds. #GOPDebate  https://t.co/jkTnY0xBp8,Georgia
RT @Hillary2016Pres: In 1991 @HillaryClinton filed her husband's papers to run for president. In 2015 she filed her own. https://t.co/qTSPn,NYC
RT @recycledchicfw: It's been 48 days since the last #GOPDebate. RT if you think @realDonaldTrump should debate! https://t.co/Y5iaCnMtki #C,
"RT @3_patton: Enlist Today At https://t.co/0U187b8fo7 And Do Your #ConstitutionalDuty
#GOPDebate #TeaParty #cspanchat #LoveFL #2A https://t","San Diego Ca,"
"RT @immigrant4trump: Trump: It was legal immigrants that made America great! 
Watch Fullhttps://t.co/DSHIUc4C7N #GOPDebate #Trump2016 http",
Clinton's Delegate Lead Would Triple Under GOP Rules - FiveThirtyEight https://t.co/3CmZfVNDUp #GOPDebate,
RT @Hillary2016Pres: Don't hate me cause I'm fabulous! @HillaryClinton #Hillary2016 #ImWithHer #GOPdebate https://t.co/zAw5a4kgG7,
RT @Hillary2016Pres: The greatest contribution you can make to women rights... @Oprah #quote #Hillary2016 #GOPdebate #womenrights https://t,
RT @Hillary2016Pres: In 1991 @HillaryClinton filed her husband's papers to run for president. In 2015 she filed her own. https://t.co/qTSPn,
"RT @Hillary2016Pres: Today,Hillary is fighting to give every child access to a quality education, starting with our youngest learners. @Hil",
RT @Hillary2016Pres: It is past time for women to take their rightful place. @HillaryClinton #Hillary2016 #ImWithHer #GOPdebate https://t.c,
RT @Hillary2016Pres: Who reinvigorated American diplomacy with Asia? @HillaryClinton #Hillary2016 #ImWithHer #GOPdebate https://t.co/pm73Ly,
"RT @Hillary2016Pres: ""Every child deserves the chance to live up to his or her God-given potential."" @HillaryClinton #GOPdebate https://t.c",
"RT @Hillary2016Pres: If Hillary Clinton wins in 2016, that means... @HillaryClinton #Hillary2016 #ImWithHer #GOPdebate https://t.co/YSyQl6R",
RT @Hillary2016Pres: Who championed the rights of women and girls around the world?  @HillaryClinton #Hillary2016 #ImWithHer #GOPdebate htt,
"RT @Hillary2016Pres: ""We must continue to expand opportunities for all Americans."" @HillaryClinton #disabilityrights #GOPdebate https://t.c",
RT @Hillary2016Pres: Join the campaign now at https://t.co/HpGtN389TM @HillaryClinton #Hillary2016 #ImWithHer #GOPdebate https://t.co/LzdB4,
"RT @Hillary2016Pres: ""Its not enough to condemn campus sexual assault. We need to end it."" @HillaryClinton #quote #Hillary2016 #GOPdebate",
RT @Hillary2016Pres: Who took on the global HIV/AIDS pandemic? @HillaryClinton #Hillary2016 #ImWithHer #GOPdebate https://t.co/CT2k05WPgW,
"RT @Hillary2016Pres: Newsflash: You dont have to be a scientist to know that climate change is real, and act to combat it. #GOPdebate @Hil",
"RT @Hillary2016Pres: I will never stop working on issues of equality and opportunity, race, and justice."" @HillaryClinton #GOPdebate https",
RT @Hillary2016Pres: #GOPdebate translation: Doubling down on trickle-down economics. America needs an economy that works for everyone. @Hi,
RT @Hillary2016Pres: Who negotiated the toughest sanctions Iran has ever faced? @HillaryClinton #Hillary2016 #ImWithHer #GOPdebate https://,
"RT @Hillary2016Pres: ""Our criminal justice system is out of balance."" @HillaryClinton #Hillary2016 #ImWithHer #GOPdebate https://t.co/z47B9",
RT @Hillary2016Pres: Women rights are human rights. @HillaryClinton #Hillary2016 #ImWithHer #womenrights #GOPdebate https://t.co/ARKlQ7hlbQ,
RT @Hillary2016Pres: #TBT to when @HillaryClinton declared shes not *just* a progressive at last months Democratic Debate. #GOPdebate htt,
"RT @Hillary2016Pres: ""Womens issues are family issues, economic issues, and crucial to our future competitiveness."" @HillaryClinton #Hilla",
RT @Hillary2016Pres: Respect for women.  #Hillary2016 #ImWithHer #GOPdebate https://t.co/mR8OH3Qrrs,
RT @Hillary2016Pres: RT @GKMTNtwits I'm voting for #HillaryClinton because: #ImWithHer  @HillaryClinton #Hillary2016 #GOPdebate https://,
RT @Hillary2016Pres: Don't hate me cause I'm fabulous! @HillaryClinton #Hillary2016 #ImWithHer #GOPdebate https://t.co/gYuuZDqUI4,
"RT @Hillary2016Pres: ""Every child deserves the chance to live up to his or her God-given potential."" @HillaryClinton #GOPdebate https://t.c",
"RT @Hillary2016Pres: If Hillary Clinton wins in 2016, that means... @HillaryClinton #Hillary2016 #ImWithHer #GOPdebate https://t.co/eysLtYV",
"RT @Hillary2016Pres: ""We must continue to expand opportunities for all Americans."" @HillaryClinton #disabilityrights #GOPdebate https://t.c",
"RT @Hillary2016Pres: It's hard to declare a ""winner"" in the #GOPDebate when every candidate is trying to move our country backward. https:/",
RT @Hillary2016Pres: #GOPdebate translation: Doubling down on trickle-down economics. America needs an economy that works for everyone. @Hi,
RT @Hillary2016Pres: 6 Feminist Points In Hillary Clinton's Veterans Plan That Are Awesomely Inclusive https://t.co/q6W670WyET  #GOPdebate,
RT @recycledchicfw: It's been 48 days since the last #GOPDebate. RT if you think @realDonaldTrump should debate! https://t.co/Y5iaCnMtki #C,"Huntersville, NC"
RT @Hillary2016Pres: No one can make you feel inferior... Eleanor Roosevelt #quote #Hillary2016 #ImWithHer #womenrights #GOPdebate https://,
RT @recycledchicfw: It's been 48 days since the last #GOPDebate. RT if you think @realDonaldTrump should debate! https://t.co/Y5iaCnMtki #C,
It's been 48 days since the last #GOPDebate. RT if you think @realDonaldTrump should debate! https://t.co/Y5iaCnMtki #CruzinToVictory,
RT @Hillary2016Pres: Don't hate me cause I'm fabulous! @HillaryClinton #Hillary2016 #ImWithHer #GOPdebate https://t.co/zAw5a4kgG7,
RT @Hillary2016Pres: There is only one candidate who is capable of dealing with today's world. @HillaryClinton #Hillary2016 #GOPdebate http,
RT @Hillary2016Pres: 6 Feminist Points In Hillary Clinton's Veterans Plan That Are Awesomely Inclusive https://t.co/q6W670WyET  #GOPdebate,
"RT @immigrant4trump: Trump: It was legal immigrants that made America great! 
Watch Fullhttps://t.co/DSHIUc4C7N #GOPDebate #Trump2016 http",Alabama
Don't hate me cause I'm fabulous! @HillaryClinton #Hillary2016 #ImWithHer #GOPdebate https://t.co/zAw5a4kgG7,U.S.A
"Gaining on Twitter (+mentions p.hour) GOP 24h:
1 Cruz +1663
2 Trump +497
#GOPDebate",
"Hyped on Twitter (hour) GOP 24h:
1 Trump 20509
2 Cruz 6260
3 Kasich 1047
#GOPDebate",
RT @Hillary2016Pres: There is only one candidate who is capable of dealing with today's world. @HillaryClinton #Hillary2016 #GOPdebate http,"Crystal Lake, IL"
"RT @Hillary2016Pres: Whats really pro-family: Supporting equal pay, paid leave, affordable child care, and Planned Parenthood. #GOPdebate",
"RT @Hillary2016Pres: Today,Hillary is fighting to give every child access to a quality education, starting with our youngest learners. @Hil","Crystal Lake, IL"
"RT @immigrant4trump: Trump: It was legal immigrants that made America great! 
Watch Fullhttps://t.co/DSHIUc4C7N #GOPDebate #Trump2016 http",
RT @Hillary2016Pres: There is only one candidate who is capable of dealing with today's world. @HillaryClinton #Hillary2016 #GOPdebate http,
RT @tc_boone: Its been 47 days since the last #GOPDebate RT if you want @realDonaldTrump to debate @tedcruz! #CruzinToVictory https://t.co,Texas
"RT @immigrant4trump: Trump: It was legal immigrants that made America great! 
Watch Fullhttps://t.co/DSHIUc4C7N #GOPDebate #Trump2016 http",Australia
RT @Hillary2016Pres: The greatest contribution you can make to women rights... @Oprah #quote #Hillary2016 #GOPdebate #womenrights https://t,
RT @tc_boone: Its been 47 days since the last #GOPDebate RT if you want @realDonaldTrump to debate @tedcruz! #CruzinToVictory https://t.co,Downwind from DC 
"RT @tedcruz: Its been 48 days since the last #GOPDebate.

Indiana deserves a debate, @realDonaldTrump: https://t.co/jUPb4WqALJ","North Little Rock, Arkansas"
Republicans admit that Republicans have gotten to be too extreme. #GOPDebate #NeverRepublican #JohnBoehner #TedCruz https://t.co/QP7kvY2zW5,
RT @Hillary2016Pres: 6 Feminist Points In Hillary Clinton's Veterans Plan That Are Awesomely Inclusive https://t.co/q6W670WyET  #GOPdebate,Between Agnostic and Atheist
"RT @freestyldesign: Boehner is establishment as ever,hates Cruz Constitutionalist https://t.co/8ziLLZX8KQ #tcot #ccot #pjnet #gopdebate #re",#deathpenalty4obama
"RT @Hillary2016Pres: ""Every child deserves the chance to live up to his or her God-given potential."" @HillaryClinton #GOPdebate https://t.c","Liverpool, UK."
RT @Hillary2016Pres: The greatest contribution you can make to women rights... @Oprah #quote #Hillary2016 #GOPdebate #womenrights https://t,
"RT @immigrant4trump: Trump: It was legal immigrants that made America great! 
Watch Fullhttps://t.co/DSHIUc4C7N #GOPDebate #Trump2016 http",United States
"RT @immigrant4trump: Trump: It was legal immigrants that made America great! 
Watch Fullhttps://t.co/DSHIUc4C7N #GOPDebate #Trump2016 http",Ohio
RT @Hillary2016Pres: 6 Feminist Points In Hillary Clinton's Veterans Plan That Are Awesomely Inclusive https://t.co/q6W670WyET  #GOPdebate,
RT @Hillary2016Pres: It is past time for women to take their rightful place. @HillaryClinton #Hillary2016 #ImWithHer #GOPdebate https://t.c,
"RT @immigrant4trump: Trump: It was legal immigrants that made America great! 
Watch Fullhttps://t.co/DSHIUc4C7N #GOPDebate #Trump2016 http","Pennsylvania, USA"
RT @tramontela: Guess what @USHCC there ARE Latinos in Ohio &amp; @JohnKasich supports #DAPA #DACA lawsuit against them &amp; their parents #gopdeb,
"RT @freestyldesign: Boehner is establishment as ever,hates Cruz Constitutionalist https://t.co/8ziLLZX8KQ #tcot #ccot #pjnet #gopdebate #re",
The greatest contribution you can make to women rights... @Oprah #quote #Hillary2016 #GOPdebate #womenrights https://t.co/EZlJimBSY6,U.S.A
#trump That time Obama roasted Donald Trump (and other WHCD zingers) https://t.co/zYtqrxg9Ay #GOPdebate https://t.co/MnfBVLg3Jt,"Boston, MA"
"#trump Boehner likes Trump, savages Cruz Fox News https://t.co/jEg265vHrJ #GOPdebate https://t.co/5gWOAEJuSJ","Boston, MA"
#trump What does Sanders want? Dem hints at convention wish list Fox News https://t.co/FMcJmzTjm7 #GOPdebate https://t.co/uSuWsoduJg,"Boston, MA"
#trump House Speaker invites India Prime Minister to address Congress Fox News https://t.co/vVH9eXH0EJ #GOPdebate https://t.co/IqN2Mf2tcq,"Boston, MA"
#trump ICE under fire for releasing thousands of illegal immigrants with rap https://t.co/BXrI5woitu #GOPdebate https://t.co/RlyLnTy191,"Boston, MA"
RT @Hillary2016Pres: 6 Feminist Points In Hillary Clinton's Veterans Plan That Are Awesomely Inclusive https://t.co/q6W670WyET  #GOPdebate, NJ transplant now in FL
"RT @Hillary2016Pres: Today,Hillary is fighting to give every child access to a quality education, starting with our youngest learners. @Hil",
"RT @immigrant4trump: Trump: It was legal immigrants that made America great! 
Watch Fullhttps://t.co/DSHIUc4C7N #GOPDebate #Trump2016 http",
RT @stefanezamorano: I think Michigan Gov. Rick Snyder did wake up one day and say let's make more money and screw &amp; poison our citizens #M,Oregon
"RT @freestyldesign: Boehner is establishment as ever,hates Cruz Constitutionalist https://t.co/8ziLLZX8KQ #tcot #ccot #pjnet #gopdebate #re",vote4trump is your demise 
RT @Hillary2016Pres: In 1991 @HillaryClinton filed her husband's papers to run for president. In 2015 she filed her own. https://t.co/qTSPn,
"Hyped on Twitter (hour) GOP 60min:
1 Trump 20265
2 Cruz 7833
3 Kasich 1548
#GOPDebate",
Cruz was the first one to speak out against Washington establishment &amp; Obama  #tcot #ccot #pjnet #gopdebate #rednationrising,Seattle WA USA
"Boehner is establishment as ever,hates Cruz Constitutionalist https://t.co/8ziLLZX8KQ #tcot #ccot #pjnet #gopdebate #resnationrising",Seattle WA USA
"RT @immigrant4trump: Trump: It was legal immigrants that made America great! 
Watch Fullhttps://t.co/DSHIUc4C7N #GOPDebate #Trump2016 http",
"Jackass Boehner calls Cruz 'lucifer"" but he WILL vote for Trump https://t.co/8ziLLZX8KQ #tcot #ccot #pjnet #gopdebate #rednationrising",Seattle WA USA
"RT @immigrant4trump: Trump: It was legal immigrants that made America great! 
Watch Fullhttps://t.co/DSHIUc4C7N #GOPDebate #Trump2016 http","Florida, USA"
"RT @immigrant4trump: Trump: It was legal immigrants that made America great! 
Watch Fullhttps://t.co/DSHIUc4C7N #GOPDebate #Trump2016 http",Sharia-free zone
"RT @immigrant4trump: Trump: It was legal immigrants that made America great! 
Watch Fullhttps://t.co/DSHIUc4C7N #GOPDebate #Trump2016 http",
"RT @immigrant4trump: Trump: It was legal immigrants that made America great! 
Watch Fullhttps://t.co/DSHIUc4C7N #GOPDebate #Trump2016 http", Great Lakes Area
RT @Hillary2016Pres: 6 Feminist Points In Hillary Clinton's Veterans Plan That Are Awesomely Inclusive https://t.co/q6W670WyET  #GOPdebate,OC California 
RT @Hillary2016Pres: 6 Feminist Points In Hillary Clinton's Veterans Plan That Are Awesomely Inclusive https://t.co/q6W670WyET  #GOPdebate,"New York, NY"
RT @MIAMIforTRUMP: Hispanics are uniting for @realDonaldTrump America will be great with your leadership! #CNNDebate #GOPDebate https://t,
In 1991 @HillaryClinton filed her husband's papers to run for president. In 2015 she filed her own. https://t.co/qTSPnKMnl2 #GOPdebate,U.S.A
"RT @Hillary2016Pres: ""Every child deserves the chance to live up to his or her God-given potential."" @HillaryClinton #GOPdebate https://t.c",Orlando Florida
"RT @DJGreenwald: You think donating to @TedCruz is expensive? Try not donating, that's a lot more expensive.
#GOPDebate #CruzCrew  https://",Florida
RT @tramontela: Guess what @USHCC there ARE Latinos in Ohio &amp; @JohnKasich supports #DAPA #DACA lawsuit against them &amp; their parents #gopdeb,"Cleveland, OH"
"RT @peddoc63: Judge NapHillary should be terrified,aid got immunity. I hope he has body guard #GOPDebate https://t.co/JicpbWQxPL https://",
RT @Hillary2016Pres: There is only one candidate who is capable of dealing with today's world. @HillaryClinton #Hillary2016 #GOPdebate http,"Takoma Park, MD"
RT @Hillary2016Pres: 6 Feminist Points In Hillary Clinton's Veterans Plan That Are Awesomely Inclusive https://t.co/q6W670WyET  #GOPdebate,"Nevada, USA"
"RT @Hillary2016Pres: Today,Hillary is fighting to give every child access to a quality education, starting with our youngest learners. @Hil",
"RT @Hillary2016Pres: Today,Hillary is fighting to give every child access to a quality education, starting with our youngest learners. @Hil","UCSD, San Diego, California."
RT @Hillary2016Pres: 6 Feminist Points In Hillary Clinton's Veterans Plan That Are Awesomely Inclusive https://t.co/q6W670WyET  #GOPdebate,
RT @Hillary2016Pres: It is past time for women to take their rightful place. @HillaryClinton #Hillary2016 #ImWithHer #GOPdebate https://t.c,
RT @Hillary2016Pres: It is past time for women to take their rightful place. @HillaryClinton #Hillary2016 #ImWithHer #GOPdebate https://t.c,
"RT @NoToFeminism: I dont need femisms thank GOD we FINALLY get to hear a panel of men discuss abortion, now i can sleep at night #finally",Lost in the Sauce ✨
"RT @colesprouse: Don't encourage poor politics by watching the #GOPDebate, the ""grand old party"" is now nothing but the inbred child of a o",
RT @Hillary2016Pres: It is past time for women to take their rightful place. @HillaryClinton #Hillary2016 #ImWithHer #GOPdebate https://t.c,
RT @tramontela: Guess what @USHCC there ARE Latinos in Ohio &amp; @JohnKasich supports #DAPA #DACA lawsuit against them &amp; their parents #gopdeb,California
RT @TheBaxterBean: #YouMightBeATrumpVoterIf You Don't Care That He Wanted Vets Kicked Off 5th Ave https://t.co/luZ1nmTdSn #GOPDebate https:,
"RT @NetAdvisor: #DHS 15yr Employee: Obama Admin Ordered Homeland Security to ""SCRUB Records of  Muslims with Terror Ties"" https://t.co/gJcS",
RT @Hillary2016Pres: It is past time for women to take their rightful place. @HillaryClinton #Hillary2016 #ImWithHer #GOPdebate https://t.c,Central. California
"RT @NetAdvisor: #DHS 15yr Employee: Obama Admin Ordered Homeland Security to ""SCRUB Records of  Muslims with Terror Ties"" https://t.co/gJcS",SoCal
RT @Hillary2016Pres: There is only one candidate who is capable of dealing with today's world. @HillaryClinton #Hillary2016 #GOPdebate http,
"RT @Hillary2016Pres: ""Every child deserves the chance to live up to his or her God-given potential."" @HillaryClinton #GOPdebate https://t.c",
RT @Hillary2016Pres: Who reinvigorated American diplomacy with Asia? @HillaryClinton #Hillary2016 #ImWithHer #GOPdebate https://t.co/pm73Ly,
RT @Hillary2016Pres: It is past time for women to take their rightful place. @HillaryClinton #Hillary2016 #ImWithHer #GOPdebate https://t.c,92078
RT @TheBaxterBean: #YouMightBeATrumpVoterIf You Don't Care That He Wanted Vets Kicked Off 5th Ave https://t.co/luZ1nmTdSn #GOPDebate https:,
"RT @NetAdvisor: #DHS 15yr Employee: Obama Admin Ordered Homeland Security to ""SCRUB Records of  Muslims with Terror Ties"" https://t.co/gJcS","NJ, USA"
RT @Hillary2016Pres: It is past time for women to take their rightful place. @HillaryClinton #Hillary2016 #ImWithHer #GOPdebate https://t.c,
"RT @Hillary2016Pres: Today,Hillary is fighting to give every child access to a quality education, starting with our youngest learners. @Hil",
"RT @NetAdvisor: #DHS 15yr Employee: Obama Admin Ordered Homeland Security to ""SCRUB Records of  Muslims with Terror Ties"" https://t.co/gJcS","Raleigh, NC"
"#trump Politics Podcast: The Good, Bad, And Just Plain Weird Surrogates Of 2016 https://t.co/sUCeJpMWNX #GOPdebate https://t.co/rYfk4EWbkW","Boston, MA"
#trump Paul Manafort: Trump Hasnt Ruled Out Taking Money From Big Donors In The https://t.co/qWNhG44JSw #GOPdebate https://t.co/nNRjpR4Aq0,"Boston, MA"
#trump Pat Toomey: Outrageous For Democratic Challenger To Tie Me To Trump https://t.co/Ln1xPxLy4U #GOPdebate https://t.co/JwSjLIhZIJ,"Boston, MA"
#trump Republican Operatives Advise Governors: Be Careful With Trans Bathroom https://t.co/LilhSYK2H8 #GOPdebate https://t.co/jOwgQXnFEI,"Boston, MA"
#trump Trump In 1993 On Dating And STDs: The Equivalent Of A Soldier Going https://t.co/K869MYXS36 #GOPdebate https://t.co/vqdGhKEs2T,"Boston, MA"
"RT @NetAdvisor: #DHS 15yr Employee: Obama Admin Ordered Homeland Security to ""SCRUB Records of  Muslims with Terror Ties"" https://t.co/gJcS","Fort Mohave, AZ"
