abandoned,neg
abandonment,neg
aberration,neg
aberration,neg
abhorred,neg
abhorrence,neg
abhorrent,neg
abhorrently,neg
abhors,neg
abhors,neg
abject,neg
abjectly,neg
abnormal,neg
abominable,neg
abominably,neg
abomination,neg
abrasive,neg
abrupt,neg
absence,neg
absent-minded,neg
absurd,neg
absurdity,neg
absurdly,neg
absurdness,neg
abuse,neg
abuse,neg
abuses,neg
abuses,neg
abusive,neg
abysmal,neg
abysmally,neg
abyss,neg
accidental,neg
accountable,neg
accursed,neg
accusation,neg
accusation,neg
accusations,neg
accusations,neg
accuses,neg
accusing,neg
accusingly,neg
acerbic,neg
acerbically,neg
acrid,neg
acridly,neg
acridness,neg
acrimonious,neg
acrimoniously,neg
acrimony,neg
adamant,neg
adamantly,neg
addict,neg
addiction,neg
admonition,neg
adrift,neg
adulterated,neg
adulteration,neg
adversarial,neg
adverse,neg
adversity,neg
affectation,neg
affliction,neg
afflictive,neg
affront,neg
afraid,neg
against,neg
aggravating,neg
aggravation,neg
aggression,neg
aggression,neg
aggressiveness,neg
aggressor,neg
aggrieved,neg
aghast,neg
agitated,neg
agitation,neg
agitator,neg
agonies,neg
agonizing,neg
agonizingly,neg
agony,neg
ail,neg
ailment,neg
aimless,neg
airs,neg
airs,neg
alarm,neg
alarmed,neg
alarming,neg
alarmingly,neg
alienated,neg
alienation,neg
allegation,neg
allegations,neg
allege,neg
allegations,neg
allergic,neg
aloof,neg
altercation,neg
ambiguous,neg
ambiguity,neg
ambivalent,neg
ambivalent,neg
ambush,neg
amiss,neg
anarchism,neg
anarchist,neg
anarchistic,neg
anarchy,neg
anemic,neg
anger,neg
anger,neg
angry,neg
anguish,neg
annihilation,neg
animosity,neg
annoyance,neg
annoyed,neg
annoying,neg
annoyingly,neg
anomalous,neg
anomaly,neg
antagonism,neg
antagonist,neg
antagonistic,neg
anti-,neg
anti-American,neg
anti-American,neg
anti-Israeli,neg
anti-Israeli,neg
anti-Semites,neg
anti-Semites,neg
anti-US,neg
anti-US,neg
anti-occupation,neg
anti-occupation,neg
anti-proliferation,neg
anti-proliferation,neg
anti-social,neg
anti-white,neg
anti-white,neg
antipathy,neg
antiquated,neg
antithetical,neg
antithetical,neg
anxieties,neg
anxiety,neg
anxious,neg
anxiously,neg
anxiousness,neg
apathetic,neg
apathetic,neg
apathetically,neg
apathy,neg
apocalypse,neg
apocalyptic,neg
apologist,neg
apologist,neg
apologists,neg
apologists,neg
appall,neg
appalled,neg
appalling,neg
appallingly,neg
apprehension,neg
apprehensions,neg
apprehensions,neg
apprehensive,neg
apprehensive,neg
arbitrary,neg
arcane,neg
archaic,neg
arduous,neg
arduously,neg
argument,neg
argument,neg
arguments,neg
arguments,neg
arrogance,neg
arrogant,neg
arrogantly,neg
artificial,neg
ashamed,neg
asinine,neg
asininely,neg
asinininity,neg
askance,neg
aspersion,neg
aspersions,neg
assassin,neg
assault,neg
assault,neg
astray,neg
asunder,neg
atrocious,neg
atrocities,neg
atrocity,neg
attack,neg
audacious,neg
audaciously,neg
audaciousness,neg
audacity,neg
austere,neg
authoritarian,neg
autocrat,neg
autocratic,neg
autocratic,neg
autocratic,neg
avalanche,neg
avalanche,neg
avarice,neg
avaricious,neg
avariciously,neg
averse,neg
aversion,neg
avoidance,neg
awful,neg
awful,neg
awfully,neg
awfulness,neg
awkward,neg
awkwardness,neg
backbiting,neg
backward,neg
backwardness,neg
bad,neg
badly,neg
baffled,neg
bafflement,neg
baffling,neg
banal,neg
bane,neg
banish,neg
banishment,neg
bankrupt,neg
barbarian,neg
barbarian,neg
barbaric,neg
barbarically,neg
barbarity,neg
barbarity,neg
barbarous,neg
barbarously,neg
barren,neg
baseless,neg
bashful,neg
bastard,neg
battered,neg
battering,neg
battering,neg
battle-lines,neg
battle-lines,neg
battlefield,neg
battleground,neg
battleground,neg
batty,neg
bearish,neg
beast,neg
beast,neg
beastly,neg
bedlam,neg
bedlamite,neg
beggar,neg
beggarly,neg
begging,neg
begging,neg
belated,neg
belittled,neg
bellicose,neg
bellicose,neg
belligerence,neg
belligerent,neg
belligerently,neg
bemoaning,neg
bemused,neg
bent,neg
bereavement,neg
bereft,neg
berserk,neg
beset,neg
bestial,neg
betrayal,neg
betrayals,neg
betrayer,neg
bewildered,neg
bewildering,neg
bewildering,neg
bewilderingly,neg
bewilderment,neg
bias,neg
bias,neg
biased,neg
biased,neg
biases,neg
biases,neg
bickering,neg
bid-rigging,neg
bitchy,neg
biting,neg
bitingly,neg
bitter,neg
bitterly,neg
bitterness,neg
bizarre,neg
black,neg
blame,neg
blame,neg
blameworthy,neg
bland,neg
blasphemous,neg
blasphemy,neg
blatant,neg
blatantly,neg
bleak,neg
bleakly,neg
bleakness,neg
blemish,neg
blind,neg
blinding,neg
blindingly,neg
blindness,neg
blistering,neg
bloated,neg
block,neg
blockhead,neg
blood,neg
bloodshed,neg
bloodthirsty,neg
bloody,neg
blow,neg
blow,neg
blunder,neg
blunder,neg
blundering,neg
blunders,neg
blunt,neg
boastful,neg
bogus,neg
boiling,neg
boisterous,neg
bombardment,neg
bombardment,neg
bombastic,neg
bondage,neg
bonkers,neg
bonkers,neg
boredom,neg
boring,neg
bother,neg
bothersome,neg
boycott,neg
boycott,neg
braggart,neg
bragger,neg
brash,neg
brashly,neg
brashness,neg
brat,neg
bravado,neg
brazen,neg
brazenly,neg
brazenly,neg
brazenness,neg
brazenness,neg
breach,neg
breach,neg
break-point,neg
break-point,neg
brimstone,neg
brimstone,neg
brittle,neg
broke,neg
broken-hearted,neg
bruise,neg
brusque,neg
brutal,neg
brutalising,neg
brutalising,neg
brutalities,neg
brutalities,neg
brutality,neg
brutalizing,neg
brutally,neg
brute,neg
brutish,neg
bulky,neg
bullies,neg
bullies,neg
bully,neg
bully,neg
bullyingly,neg
bum,neg
bumpy,neg
bunk,neg
burden,neg
burden,neg
burdensome,neg
busy,neg
busybody,neg
butchery,neg
byzantine,neg
calamities,neg
calamitous,neg
calamitously,neg
calamity,neg
callous,neg
calumniation,neg
calumnies,neg
calumnious,neg
calumniously,neg
calumny,neg
cancer,neg
cancerous,neg
cannibal,neg
capricious,neg
capriciously,neg
capriciousness,neg
captive,neg
careless,neg
carelessness,neg
carnage,neg
cartoon,neg
cartoon,neg
cash-strapped,neg
cataclysm,neg
cataclysmal,neg
cataclysmic,neg
cataclysmically,neg
catastrophe,neg
catastrophes,neg
catastrophic,neg
catastrophically,neg
caustic,neg
caustically,neg
cautionary,neg
cautious,neg
censure,neg
censure,neg
chagrin,neg
challenge,neg
challenging,neg
chaos,neg
chaotic,neg
charisma,neg
cheap,neg
cheat,neg
cheerless,neg
childish,neg
chilly,neg
choppy,neg
chore,neg
chronic,neg
clamor,neg
clamorous,neg
clash,neg
clash,neg
cliche,neg
cliched,neg
clique,neg
close,neg
clumsy,neg
coarse,neg
cocky,neg
coercion,neg
coercive,neg
cold,neg
coldly,neg
collapse,neg
collusion,neg
combative,neg
comedy,neg
comedy,neg
comical,neg
commonplace,neg
commotion,neg
commotion,neg
complacent,neg
complacent,neg
complaining,neg
complaining,neg
complaint,neg
complaints,neg
complaints,neg
complex,neg
complicated,neg
complication,neg
complicit,neg
compulsion,neg
compulsive,neg
compulsory,neg
conceit,neg
conceited,neg
concern,neg
concern,neg
concerns,neg
concerns,neg
concession,neg
concession,neg
concessions,neg
concessions,neg
condescending,neg
condescendingly,neg
condescension,neg
condemnable,neg
condemnation,neg
condolence,neg
condolences,neg
condolences,neg
confession,neg
confessions,neg
confessions,neg
conflict,neg
conflict,neg
confrontation,neg
confrontation,neg
confrontational,neg
confusing,neg
confusion,neg
confusion,neg
congested,neg
congestion,neg
conspicuous,neg
conspicuous,neg
conspiracies,neg
conspiracies,neg
conspiracy,neg
conspiracy,neg
conspirator,neg
conspirator,neg
conspiratorial,neg
consternation,neg
constraint,neg
contagious,neg
contamination,neg
contempt,neg
contemptible,neg
contemptuous,neg
contemptuously,neg
contention,neg
contentious,neg
contentious,neg
contortions,neg
contortions,neg
contradiction,neg
contradictory,neg
contrariness,neg
contrary,neg
contrived,neg
controversial,neg
controversial,neg
controversy,neg
controversy,neg
convoluted,neg
coping,neg
coping,neg
corrosion,neg
corrosive,neg
corrupt,neg
corruption,neg
costly,neg
counterproductive,neg
coupists,neg
coupists,neg
covetous,neg
covetous,neg
coward,neg
cowardly,neg
crackdown,neg
crackdown,neg
crafty,neg
cramped,neg
cranky,neg
crass,neg
cravenly,neg
craze,neg
crazily,neg
craziness,neg
crazy,neg
credulous,neg
crime,neg
criminal,neg
crippling,neg
crisis,neg
crisis,neg
critic,neg
criticism,neg
criticism,neg
criticisms,neg
criticisms,neg
critics,neg
critics,neg
crook,neg
crooked,neg
cross,neg
crowded,neg
crude,neg
cruel,neg
cruelties,neg
cruelty,neg
crushing,neg
culpable,neg
cuplrit,neg
cumbersome,neg
curse,neg
cursed,neg
cursed,neg
curses,neg
cursory,neg
curt,neg
cutthroat,neg
cynical,neg
cynicism,neg
damage,neg
damage,neg
damaging,neg
damn,neg
damn,neg
damnable,neg
damnably,neg
damnation,neg
damned,neg
damning,neg
danger,neg
danger,neg
dangerous,neg
dangerousness,neg
dangerousness,neg
dark,neg
darkness,neg
dastard,neg
daunting,neg
dauntingly,neg
dazed,neg
dead,neg
deadbeat,neg
deadlock,neg
deadly,neg
deadweight,neg
deaf,neg
dearth,neg
death,neg
debacle,neg
debasement,neg
debaser,neg
debatable,neg
debaucher,neg
debauchery,neg
debilitating,neg
debility,neg
decadence,neg
decadent,neg
decay,neg
decayed,neg
deceit,neg
deceitful,neg
deceitfully,neg
deceitfulness,neg
deceiving,neg
deceiver,neg
deceivers,neg
deception,neg
deception,neg
deceptive,neg
deceptive,neg
deceptively,neg
decline,neg
declining,neg
decrease,neg
decreasing,neg
decrement,neg
decrepit,neg
decrepitude,neg
deep,neg
deepening,neg
deepening,neg
defamation,neg
defamations,neg
defamatory,neg
defeat,neg
defect,neg
defective,neg
defensive,neg
defiance,neg
defiance,neg
defiant,neg
defiantly,neg
deficiency,neg
deficient,neg
defiler,neg
deformed,neg
defrauding,neg
defrauding,neg
defunct,neg
degenerate,neg
degenerately,neg
degeneration,neg
degradation,neg
degrading,neg
degradingly,neg
dehumanization,neg
dejected,neg
dejectedly,neg
dejection,neg
delinquency,neg
delinquent,neg
delirious,neg
delirium,neg
deluded,neg
deluge,neg
delusion,neg
delusion,neg
delusional,neg
delusions,neg
delusions,neg
demeaning,neg
demise,neg
demolisher,neg
demon,neg
demonic,neg
demoralizing,neg
demoralizingly,neg
denial,neg
denunciation,neg
denunciations,neg
deplorable,neg
deplorably,neg
deploring,neg
deploringly,neg
depraved,neg
depravedly,neg
depressed,neg
depressing,neg
depressing,neg
depression,neg
depression,neg
deprived,neg
derision,neg
derisive,neg
derisively,neg
derisiveness,neg
derogatory,neg
desertion,neg
desiccate,neg
desiccated,neg
desolate,neg
desolately,neg
desolation,neg
despair,neg
despairing,neg
despairingly,neg
desperate,neg
desperation,neg
despicable,neg
despised,neg
despised,neg
despite,neg
despoiler,neg
despondence,neg
despondency,neg
despondent,neg
despondently,neg
despot,neg
despotic,neg
despotism,neg
despotism,neg
destabilisation,neg
destabilisation,neg
destitute,neg
destitution,neg
destroyer,neg
destroyer,neg
destruction,neg
destructive,neg
desultory,neg
deteriorate,neg
deteriorating,neg
deteriorating,neg
deterioration,neg
deterrent,neg
detestable,neg
detestably,neg
detraction,neg
detriment,neg
detrimental,neg
devastated,neg
devastating,neg
devastatingly,neg
devastation,neg
deviate,neg
deviate,neg
deviation,neg
devil,neg
devilish,neg
devilishly,neg
devilment,neg
devilry,neg
devious,neg
deviously,neg
deviousness,neg
devoid,neg
diabolic,neg
diabolical,neg
diabolically,neg
diametrically,neg
diatribe,neg
diatribes,neg
dictator,neg
dictatorial,neg
difficult,neg
difficulties,neg
difficulties,neg
difficulty,neg
difficulty,neg
diffidence,neg
diffidence,neg
dig,neg
dilapidated,neg
dilemma,neg
dilemma,neg
dim,neg
diminishing,neg
din,neg
dinky,neg
dire,neg
direly,neg
direness,neg
dirt,neg
dirty,neg
disabled,neg
disaccord,neg
disadvantage,neg
disadvantaged,neg
disadvantageous,neg
disadvantageous,neg
disaffected,neg
disagreement,neg
disagreement,neg
disappointed,neg
disappointing,neg
disappointment,neg
disappointment,neg
disapprobation,neg
disapproval,neg
disapproval,neg
disapproving,neg
disarray,neg
disarray,neg
disaster,neg
disastrous,neg
disastrously,neg
disavowal,neg
disbelief,neg
disbeliever,neg
discomfititure,neg
discomfort,neg
disconcerted,neg
disconcerting,neg
disconcertingly,neg
disconsolate,neg
disconsolately,neg
disconsolation,neg
discontent,neg
discontent,neg
discontented,neg
discontentedly,neg
discontinuity,neg
discontinuity,neg
discord,neg
discordance,neg
discordant,neg
discountenance,neg
discouragement,neg
discouraging,neg
discouragingly,neg
discourteous,neg
discourteously,neg
discrepant,neg
discrimination,neg
discrimination,neg
discriminatory,neg
disdain,neg
disdainful,neg
disdainfully,neg
disease,neg
diseased,neg
disgrace,neg
disgraced,neg
disgraceful,neg
disgracefully,neg
disgruntled,neg
disgust,neg
disgusted,neg
disgustedly,neg
disgustful,neg
disgustfully,neg
disgusting,neg
disgustingly,neg
disheartening,neg
dishearteningly,neg
dishonest,neg
dishonest,neg
dishonestly,neg
dishonesty,neg
dishonor,neg
dishonorable,neg
dishonorablely,neg
disillusion,neg
disillusioned,neg
disinclination,neg
disinclined,neg
disingenuous,neg
disingenuously,neg
disinterested,neg
disintegration,neg
disinterest,neg
disinterested,neg
dislocated,neg
disloyal,neg
disloyal,neg
disloyalty,neg
dismal,neg
dismally,neg
dismalness,neg
dismay,neg
dismayed,neg
dismaying,neg
dismayingly,neg
dismissive,neg
dismissive,neg
dismissively,neg
disobedience,neg
disobedient,neg
disorder,neg
disordered,neg
disorderly,neg
disorganized,neg
disoriented,neg
disparaging,neg
disparagingly,neg
dispensable,neg
dispirited,neg
dispiritedly,neg
displaced,neg
displeasing,neg
displeasure,neg
displeasure,neg
disproportionate,neg
disputable,neg
dispute,neg
disputed,neg
disquieting,neg
disquietingly,neg
disquietude,neg
disregard,neg
disregard,neg
disregardful,neg
disreputable,neg
disrepute,neg
disrespectable,neg
disrespectablity,neg
disrespectful,neg
disrespectfully,neg
disrespectfulness,neg
disrespecting,neg
disrespecting,neg
disruption,neg
disruption,neg
disruptive,neg
dissatisfaction,neg
dissatisfaction,neg
dissatisfactory,neg
dissatisfied,neg
dissembler,neg
dissension,neg
dissent,neg
dissent,neg
dissenter,neg
dissention,neg
disservice,neg
disservice,neg
dissidence,neg
dissident,neg
dissident,neg
dissidents,neg
dissidents,neg
dissocial,neg
dissolute,neg
dissolution,neg
dissonance,neg
dissonant,neg
dissonantly,neg
dissuasive,neg
distaste,neg
distasteful,neg
distastefully,neg
distortion,neg
distortion,neg
distracting,neg
distraction,neg
distraction,neg
distraught,neg
distraughtly,neg
distraughtness,neg
distressed,neg
distressing,neg
distressingly,neg
distrustful,neg
distrusting,neg
disturbed,neg
disturbed-let,neg
disturbed-let,neg
disturbing,neg
disturbingly,neg
disunity,neg
disvalue,neg
divergent,neg
divided,neg
division,neg
divisive,neg
divisively,neg
divisiveness,neg
divorce,neg
divorced,neg
dizzy,neg
dizzing,neg
dizzingly,neg
doddering,neg
dodgey,neg
dogged,neg
doggedly,neg
dogmatic,neg
doldrums,neg
dominance,neg
dominance,neg
domination,neg
domination,neg
domineering,neg
domineering,neg
doomsday,neg
doomsday,neg
dope,neg
doubt,neg
doubtful,neg
doubtfully,neg
doubts,neg
doubts,neg
down,neg
downbeat,neg
downcast,neg
downer,neg
downfall,neg
downfallen,neg
downhearted,neg
downheartedly,neg
downside,neg
drab,neg
draconian,neg
draconic,neg
dragon,neg
dragons,neg
dragons,neg
drain,neg
drain,neg
drama,neg
drama,neg
drastic,neg
drastically,neg
dread,neg
dreadful,neg
dreadfully,neg
dreadfulness,neg
dreary,neg
drones,neg
drones,neg
drought,neg
drought,neg
drowning,neg
drunk,neg
drunkard,neg
drunken,neg
dubious,neg
dubiously,neg
dubitable,neg
dud,neg
dull,neg
dullard,neg
dumb,neg
dumb,neg
dumbfounded,neg
dummy,neg
dump,neg
dunce,neg
dungeon,neg
dungeons,neg
dungeons,neg
dusty,neg
dwindling,neg
dying,neg
earsplitting,neg
eccentric,neg
eccentricity,neg
edgy,neg
effigy,neg
effrontery,neg
ego,neg
ego,neg
egocentric,neg
egomania,neg
egotism,neg
egotistical,neg
egotistically,neg
egregious,neg
egregiously,neg
election-rigger,neg
election-rigger,neg
elimination,neg
emaciated,neg
embarrassing,neg
embarrassingly,neg
embarrassment,neg
embattled,neg
embroiled,neg
embroilment,neg
emotional,neg
empathy,neg
emphatic,neg
emphatically,neg
emptiness,neg
emptiness,neg
empty,neg
encroachment,neg
endless,neg
enemies,neg
enemies,neg
enemy,neg
enmity,neg
enormities,neg
enormity,neg
enormous,neg
enormously,neg
enraged,neg
entanglement,neg
entrapment,neg
envious,neg
enviously,neg
enviousness,neg
envy,neg
epidemic,neg
equivocal,neg
erosion,neg
errant,neg
erratic,neg
erratically,neg
erroneous,neg
erroneously,neg
error,neg
error,neg
escapade,neg
esoteric,neg
estranged,neg
eternal,neg
evasion,neg
evasive,neg
evil,neg
evil,neg
evildoer,neg
evils,neg
evils,neg
exacting,neg
exaggeration,neg
exaggeration,neg
exasperation,neg
exasperating,neg
excessive,neg
excessively,neg
exclusion,neg
excruciating,neg
excruciatingly,neg
excuse,neg
excuse,neg
excuses,neg
excuses,neg
exhaustion,neg
exorbitant,neg
exorbitantance,neg
exorbitantly,neg
expedient,neg
expediencies,neg
expediencies,neg
expensive,neg
expensive,neg
exploitation,neg
exploitation,neg
exposed,neg
explosive,neg
expropriate,neg
expropriate,neg
expropriation,neg
expropriation,neg
extermination,neg
extortion,neg
extraneous,neg
extravagance,neg
extravagant,neg
extravagantly,neg
extreme,neg
extreme,neg
extremely,neg
extremism,neg
extremism,neg
extremist,neg
extremists,neg
extremists,neg
fabrication,neg
facetious,neg
facetiously,neg
fading,neg
failing,neg
failure,neg
failure,neg
failures,neg
failures,neg
faint,neg
fainthearted,neg
faithless,neg
fake,neg
fallacies,neg
fallacies,neg
fallacious,neg
fallaciously,neg
fallaciousness,neg
fallacy,neg
fallout,neg
FALSE,neg
FALSE,neg
falsehood,neg
falsely,neg
famine,neg
famished,neg
fanatic,neg
fanatical,neg
fanatically,neg
fanaticism,neg
fanatics,neg
fanciful,neg
far-fetched,neg
farfetched,neg
farce,neg
farcical,neg
farcical-yet-provocative,neg
farcically,neg
fascism,neg
fascism,neg
fascist,neg
fastidious,neg
fastidiously,neg
fastuous,neg
fat,neg
fatal,neg
fatalistic,neg
fatalistically,neg
fatally,neg
fateful,neg
fatefully,neg
fathomless,neg
fatigue,neg
fatty,neg
fatuity,neg
fatuous,neg
fatuously,neg
faulty,neg
fawningly,neg
fear,neg
fearful,neg
fearfully,neg
fears,neg
fears,neg
fearsome,neg
feckless,neg
feeble,neg
feeblely,neg
feebleminded,neg
feint,neg
fell,neg
felon,neg
felonious,neg
ferocious,neg
ferociously,neg
ferocity,neg
feverish,neg
fetid,neg
fever,neg
fiasco,neg
fiat,neg
fiat,neg
fib,neg
fibber,neg
fickle,neg
fiction,neg
fiction,neg
fictional,neg
fictitious,neg
fidgety,neg
fiend,neg
fiendish,neg
fierce,neg
fight,neg
fight,neg
figurehead,neg
figurehead,neg
filth,neg
filthy,neg
fissures,neg
fissures,neg
fist,neg
flabbergasted,neg
flagging,neg
flagrant,neg
flagrantly,neg
flak,neg
flak,neg
flake,neg
flakey,neg
flaky,neg
flash,neg
flash,neg
flat-out,neg
flaw,neg
flaw,neg
flaws,neg
flawed,neg
flawed,neg
fleeting,neg
flighty,neg
flimflam,neg
flimsy,neg
floundering,neg
foe,neg
foolhardy,neg
foolishly,neg
foolishness,neg
forbid,neg
forbidden,neg
forbidding,neg
forbidding,neg
forceful,neg
foreboding,neg
forebodingly,neg
forged,neg
forgetful,neg
forgetfully,neg
forgetfulness,neg
forlorn,neg
forlornly,neg
formidable,neg
forsaken,neg
foul,neg
foul,neg
foully,neg
foulness,neg
fractious,neg
fractiously,neg
fracture,neg
fragile,neg
fragile,neg
fragmented,neg
frail,neg
frantic,neg
frantically,neg
franticly,neg
fraud,neg
fraud,neg
fraudulent,neg
fraught,neg
fraught,neg
freak,neg
freakish,neg
freakish,neg
freakishly,neg
frazzle,neg
frazzled,neg
frenetic,neg
frenetically,neg
frenzied,neg
frenzy,neg
fretful,neg
friction,neg
friction,neg
frictions,neg
frictions,neg
friggin,neg
fright,neg
frightening,neg
frighteningly,neg
frighteningly,neg
frightful,neg
frightfully,neg
frigid,neg
frivolous,neg
frown,neg
frown,neg
frozen,neg
fruitless,neg
fruitlessly,neg
frustrated,neg
frustrating,neg
frustrating,neg
frustratingly,neg
frustration,neg
fudge,neg
fudge,neg
fugitive,neg
full-blown,neg
fundamentalism,neg
fundamentalism,neg
furious,neg
furiously,neg
furor,neg
fury,neg
fuss,neg
fuss,neg
fussy,neg
fusty,neg
futile,neg
futilely,neg
futility,neg
fuzzy,neg
gaff,neg
gaffe,neg
gainsayer,neg
gaga,neg
galling,neg
gallingly,neg
gamble,neg
game,neg
garbage,neg
garbage,neg
garish,neg
gasp,neg
gasp,neg
gauche,neg
gaudy,neg
gawky,neg
genocide,neg
genocide,neg
get-rich,neg
get-rich,neg
ghastly,neg
ghetto,neg
gibberish,neg
glare,neg
glaring,neg
glaringly,neg
glib,neg
glibly,neg
glitch,neg
gloatingly,neg
gloom,neg
gloomy,neg
glum,neg
glut,neg
gnawing,neg
goading,neg
god-awful,neg
goddam,neg
goddamn,neg
goof,neg
gossip,neg
gossip,neg
graceless,neg
gracelessly,neg
graft,neg
grandiose,neg
grating,neg
gratuitous,neg
gratuitous,neg
grave,neg
gravely,neg
greed,neg
greedy,neg
grief,neg
grievance,neg
grievances,neg
grievances,neg
grieving,neg
grievous,neg
grievously,neg
grim,neg
grind,neg
grind,neg
gripe,neg
grisly,neg
gritty,neg
gross,neg
grossly,neg
grotesque,neg
grouch,neg
grouchy,neg
groundless,neg
grudges,neg
grudges,neg
grudging,neg
gruesome,neg
gruesomely,neg
gruff,neg
guile,neg
guilt,neg
guilty,neg
guiltily,neg
gullible,neg
haggard,neg
halfhearted,neg
halfheartedly,neg
hallucination,neg
hamstring,neg
hamstrung,neg
handicapped,neg
hapless,neg
haphazard,neg
harangue,neg
harassment,neg
harassment,neg
harboring,neg
harboring,neg
harbors,neg
harbors,neg
hard,neg
hard-hit,neg
hard-line,neg
hard-liner,neg
hardball,neg
hardball,neg
hardened,neg
hardheaded,neg
hardhearted,neg
hardliner,neg
hardliners,neg
hardliners,neg
hardly,neg
hardship,neg
hardships,neg
hardships,neg
harm,neg
harm,neg
harmful,neg
harms,neg
harms,neg
harpy,neg
harridan,neg
harried,neg
harsh,neg
hassle,neg
haste,neg
haste,neg
hasty,neg
hasty,neg
hater,neg
hateful,neg
hatefully,neg
hatefulness,neg
haughtily,neg
haughty,neg
hatred,neg
haunting,neg
havoc,neg
hawkish,neg
hawkish,neg
hazard,neg
hazardous,neg
hazy,neg
headache,neg
headaches,neg
headaches,neg
heartbreak,neg
heartbreaker,neg
heartbreaking,neg
heartbreakingly,neg
heartless,neg
heartrending,neg
heathen,neg
heathen,neg
heavily,neg
heavy-handed,neg
heavyhearted,neg
heck,neg
heck,neg
hectic,neg
hedonistic,neg
heedless,neg
hegemonism,neg
hegemonism,neg
hegemonistic,neg
hegemony,neg
hegemony,neg
hegemony,neg
heinous,neg
hell,neg
hell-bent,neg
helpless,neg
helplessly,neg
helplessness,neg
heresy,neg
heretic,neg
heretical,neg
hesitant,neg
hideous,neg
hideously,neg
hideousness,neg
hindrance,neg
hole,neg
hollow,neg
hopeless,neg
hopelessly,neg
hopelessness,neg
horde,neg
horrendous,neg
horrendously,neg
horrible,neg
horribly,neg
horrid,neg
horrific,neg
horrifically,neg
horrify,neg
horrifying,neg
horrifyingly,neg
horror,neg
horrors,neg
hostage,neg
hostile,neg
hostile,neg
hostilities,neg
hostilities,neg
hostility,neg
hostility,neg
hothead,neg
hotheaded,neg
hotbeds,neg
hotbeds,neg
hothouse,neg
hothouse,neg
hubris,neg
huckster,neg
humbling,neg
humiliating,neg
humiliation,neg
hungry,neg
hurt,neg
hurtful,neg
hustler,neg
hypocrisy,neg
hypocrite,neg
hypocrites,neg
hypocritical,neg
hypocritically,neg
hysteria,neg
hysteric,neg
hysterical,neg
hysterically,neg
hysterics,neg
icy,neg
idiocies,neg
idiocy,neg
idiot,neg
idiotic,neg
idiotically,neg
idiots,neg
idle,neg
ignoble,neg
ignominious,neg
ignominiously,neg
ignominy,neg
ignorance,neg
ignorance,neg
ignorant,neg
ignorant,neg
ill,neg
ill,neg
ill-advised,neg
ill-conceived,neg
ill-fated,neg
ill-favored,neg
ill-mannered,neg
ill-natured,neg
ill-sorted,neg
ill-tempered,neg
ill-treated,neg
ill-treatment,neg
ill-treatment,neg
ill-usage,neg
ill-used,neg
illegal,neg
illegally,neg
illegitimate,neg
illicit,neg
illiquid,neg
illiterate,neg
illness,neg
illogic,neg
illogical,neg
illogically,neg
illusion,neg
illusion,neg
illusions,neg
illusions,neg
illusory,neg
imaginary,neg
imbalance,neg
imbalance,neg
imbecile,neg
imbroglio,neg
immaterial,neg
immature,neg
imminence,neg
imminent,neg
imminently,neg
immobilized,neg
immoderate,neg
immoderately,neg
immodest,neg
immoral,neg
immorality,neg
immorally,neg
immovable,neg
impaired,neg
impasse,neg
impatience,neg
impatient,neg
impatiently,neg
impedance,neg
impediment,neg
impending,neg
impending,neg
impenitent,neg
imperfect,neg
imperfectly,neg
imperialist,neg
imperious,neg
imperiously,neg
impermissible,neg
impersonal,neg
impertinent,neg
impetuous,neg
impetuously,neg
impiety,neg
impious,neg
implacable,neg
implausible,neg
implausibly,neg
implication,neg
implication,neg
impolite,neg
impolitely,neg
impolitic,neg
importunate,neg
imposers,neg
imposers,neg
imposing,neg
imposing,neg
imposition,neg
imposition,neg
impossible,neg
impossiblity,neg
impossibly,neg
impotent,neg
impotent,neg
impoverished,neg
impractical,neg
impractical,neg
imprecise,neg
imprecisely,neg
imprecision,neg
improbability,neg
improbable,neg
improbably,neg
improper,neg
improperly,neg
impropriety,neg
imprudence,neg
imprudent,neg
impudence,neg
impudent,neg
impudently,neg
impulsive,neg
impulsively,neg
impunity,neg
impunity,neg
impure,neg
impurity,neg
inability,neg
inability,neg
inaccessible,neg
inaccuracy,neg
inaccuracies,neg
inaccurate,neg
inaccurately,neg
inaction,neg
inactive,neg
inadequacy,neg
inadequate,neg
inadequately,neg
inadverent,neg
inadverently,neg
inadvisable,neg
inadvisably,neg
inane,neg
inanely,neg
inappropriate,neg
inappropriately,neg
inapt,neg
inaptitude,neg
inarticulate,neg
inattentive,neg
incapable,neg
incapably,neg
incautious,neg
incendiary,neg
incessant,neg
incessantly,neg
incitement,neg
incitement,neg
incivility,neg
inclement,neg
incognizant,neg
incoherence,neg
incoherent,neg
incoherently,neg
incommensurate,neg
incomparable,neg
incomparably,neg
incompatibility,neg
incompatible,neg
incompatible,neg
incompetence,neg
incompetent,neg
incompetently,neg
incomplete,neg
incompliant,neg
incomprehensible,neg
incomprehension,neg
inconceivable,neg
inconceivably,neg
inconclusive,neg
incongruous,neg
incongruously,neg
inconsequent,neg
inconsequently,neg
inconsequential,neg
inconsequentially,neg
inconsiderate,neg
inconsiderately,neg
inconsistence,neg
inconsistencies,neg
inconsistencies,neg
inconsistency,neg
inconsistent,neg
inconsolable,neg
inconsolably,neg
inconstant,neg
inconvenience,neg
inconvenience,neg
inconvenient,neg
inconveniently,neg
incorrect,neg
incorrectly,neg
incorrigible,neg
incorrigibly,neg
incredulous,neg
incredulously,neg
indecency,neg
indecent,neg
indecently,neg
indecision,neg
indecisive,neg
indecisively,neg
indecorum,neg
indefensible,neg
indefensible,neg
indefinite,neg
indefinitely,neg
indelicate,neg
indeterminable,neg
indeterminably,neg
indeterminate,neg
indifference,neg
indifferent,neg
indigent,neg
indignant,neg
indignantly,neg
indignation,neg
indignity,neg
indignity,neg
indiscernible,neg
indiscreet,neg
indiscreet,neg
indiscreetly,neg
indiscriminate,neg
indiscriminating,neg
indiscriminately,neg
indisposed,neg
indistinct,neg
indistinctive,neg
indoctrination,neg
indoctrination,neg
indolent,neg
ineffective,neg
ineffectively,neg
ineffectiveness,neg
ineffectual,neg
ineffectually,neg
ineffectualness,neg
inefficacious,neg
inefficacious,neg
inefficacy,neg
inefficiency,neg
inefficient,neg
inefficiently,neg
ineligible,neg
inelegance,neg
inelegant,neg
ineloquent,neg
ineloquently,neg
inept,neg
ineptitude,neg
ineptly,neg
inequalities,neg
inequalities,neg
inequality,neg
inequality,neg
inequitable,neg
inequitably,neg
inequities,neg
inequities,neg
inertia,neg
inertia,neg
inescapable,neg
inescapably,neg
inessential,neg
inevitable,neg
inevitable,neg
inevitably,neg
inexact,neg
inexcusable,neg
inexcusably,neg
inexorable,neg
inexorably,neg
inexperience,neg
inexperienced,neg
inexpert,neg
inexpertly,neg
inexpiable,neg
inexplainable,neg
inexplicable,neg
inextricable,neg
inextricably,neg
infamous,neg
infamously,neg
infamy,neg
infected,neg
inferior,neg
inferiority,neg
infernal,neg
infested,neg
infidel,neg
infidels,neg
infiltrator,neg
infiltrators,neg
infiltrators,neg
infirm,neg
inflammatory,neg
inflated,neg
inflationary,neg
inflexible,neg
infraction,neg
infringement,neg
infringements,neg
infringements,neg
infuriated,neg
infuriating,neg
infuriatingly,neg
inglorious,neg
ingrate,neg
ingratitude,neg
inhibition,neg
inhospitable,neg
inhospitality,neg
inhuman,neg
inhumane,neg
inhumanity,neg
inimical,neg
inimically,neg
iniquitous,neg
iniquity,neg
injudicious,neg
injurious,neg
injury,neg
injustice,neg
injustice,neg
injustices,neg
injustices,neg
innuendo,neg
innuendo,neg
inopportune,neg
inordinate,neg
inordinately,neg
insane,neg
insanely,neg
insanity,neg
insatiable,neg
insecure,neg
insecurity,neg
insecurity,neg
insensible,neg
insensitive,neg
insensitively,neg
insensitivity,neg
insensitivity,neg
insidious,neg
insidiously,neg
insignificance,neg
insignificant,neg
insignificantly,neg
insincere,neg
insincerely,neg
insincerity,neg
insinuating,neg
insinuation,neg
insinuation,neg
insociable,neg
isolation,neg
insolence,neg
insolence,neg
insolent,neg
insolently,neg
insolvent,neg
insouciance,neg
instability,neg
instable,neg
instigator,neg
instigators,neg
insubordinate,neg
insubstantial,neg
insubstantially,neg
insufferable,neg
insufferably,neg
insufficiency,neg
insufficient,neg
insufficiently,neg
insular,neg
insult,neg
insulted,neg
insulting,neg
insulting,neg
insultingly,neg
insupportable,neg
insupportably,neg
insurmountable,neg
insurmountably,neg
insurrection,neg
insurrection,neg
interference,neg
interference,neg
intermittent,neg
interruption,neg
intimidating,neg
intimidatingly,neg
intimidation,neg
intimidation,neg
intolerable,neg
intolerablely,neg
intolerance,neg
intolerance,neg
intolerant,neg
intractable,neg
intransigence,neg
intransigence,neg
intransigent,neg
intrusion,neg
intrusive,neg
inundated,neg
invader,neg
invader,neg
invalid,neg
invalidity,neg
invasive,neg
invective,neg
invidious,neg
invidiously,neg
invidiousness,neg
involuntarily,neg
involuntary,neg
irate,neg
irately,neg
ire,neg
irksome,neg
ironic,neg
ironies,neg
ironies,neg
irony,neg
irrational,neg
irrationality,neg
irrationally,neg
irreconcilable,neg
irredeemable,neg
irredeemably,neg
irreformable,neg
irregular,neg
irregularity,neg
irrelevance,neg
irrelevant,neg
irreparable,neg
irreplacible,neg
irrepressible,neg
irresolute,neg
irresolvable,neg
irresponsible,neg
irresponsibly,neg
irretrievable,neg
irreverence,neg
irreverent,neg
irreverently,neg
irreversible,neg
irreversible,neg
irritable,neg
irritably,neg
irritant,neg
irritated,neg
irritating,neg
irritation,neg
irritation,neg
isolated,neg
isolation,neg
jaded,neg
jam,neg
jaundiced,neg
jealous,neg
jealously,neg
jealousness,neg
jealousy,neg
jeer,neg
jeers,neg
jeopardy,neg
jittery,neg
jobless,neg
joker,neg
jumpy,neg
junk,neg
junky,neg
juvenile,neg
kaput,neg
keen,neg
kick,neg
kick,neg
killer,neg
killer,neg
killjoy,neg
knave,neg
knock,neg
kook,neg
kooky,neg
lack,neg
lack,neg
lackadaisical,neg
lackey,neg
lackeys,neg
lackeys,neg
lacking,neg
laconic,neg
lame,neg
lame-duck,neg
lamentable,neg
lamentably,neg
languid,neg
lanky,neg
languor,neg
languorous,neg
languorously,neg
lapse,neg
lascivious,neg
last-ditch,neg
last-ditch,neg
laugh,neg
laughable,neg
laughably,neg
laughingstock,neg
laughter,neg
lawbreaker,neg
lawbreaking,neg
lawless,neg
lawlessness,neg
lawlessness,neg
lax,neg
lax,neg
lazy,neg
leakage,neg
leaky,neg
least,neg
lech,neg
lecher,neg
lecher,neg
lecherous,neg
lechery,neg
lecture,neg
leech,neg
leech,neg
leer,neg
leery,neg
left-leaning,neg
less,neg
less-developed,neg
lesser,neg
lesser-known,neg
letch,neg
lethal,neg
lethargic,neg
lethargy,neg
lewd,neg
lewdly,neg
lewdness,neg
liable,neg
liability,neg
liability,neg
liar,neg
liar,neg
liars,neg
liars,neg
licentious,neg
licentiously,neg
licentiousness,neg
lie,neg
lie,neg
lie,neg
lier,neg
lies,neg
lies,neg
life-threatening,neg
lifeless,neg
limit,neg
limitation,neg
limited,neg
limp,neg
listless,neg
litigious,neg
little,neg
little-known,neg
livid,neg
lividly,neg
loath,neg
loathe,neg
loathing,neg
loathly,neg
loathsome,neg
loathsomely,neg
lone,neg
lone,neg
loneliness,neg
lonely,neg
lonesome,neg
longing,neg
longingly,neg
loophole,neg
loopholes,neg
loopholes,neg
loot,neg
lorn,neg
losing,neg
losing,neg
loser,neg
loss,neg
lost,neg
lousy,neg
loveless,neg
lovelorn,neg
low,neg
low-rated,neg
lowly,neg
ludicrous,neg
ludicrously,neg
lukewarm,neg
lunatic,neg
lunatic,neg
lunaticism,neg
lurid,neg
lurking,neg
lying,neg
macabre,neg
mad,neg
maddening,neg
maddeningly,neg
madder,neg
madder,neg
madly,neg
madman,neg
madness,neg
maladjusted,neg
maladjustment,neg
malady,neg
malaise,neg
malcontent,neg
malcontent,neg
malcontented,neg
maledict,neg
malevolence,neg
malevolent,neg
malevolently,neg
malice,neg
malicious,neg
maliciously,neg
maliciousness,neg
malign,neg
malignant,neg
malodorous,neg
maltreatment,neg
maltreatment,neg
maneuver,neg
maneuver,neg
mania,neg
maniac,neg
maniacal,neg
manic,neg
manipulation,neg
manipulation,neg
manipulative,neg
manipulators,neg
manipulators,neg
mar,neg
marginal,neg
marginally,neg
martyrdom,neg
martyrdom-seeking,neg
massacre,neg
massacres,neg
maverick,neg
mawkish,neg
mawkishly,neg
mawkishness,neg
maxi-devaluation,neg
maxi-devaluation,neg
meager,neg
mean,neg
meaningless,neg
meanness,neg
mediocre,neg
mediocrity,neg
melancholy,neg
melodramatic,neg
melodramatically,neg
menace,neg
menacing,neg
menacingly,neg
mendacious,neg
mendacity,neg
menial,neg
merciless,neg
mercilessly,neg
mere,neg
mess,neg
mess,neg
messy,neg
midget,neg
midget,neg
militancy,neg
militancy,neg
mindless,neg
mindlessly,neg
mirage,neg
mirage,neg
mire,neg
misbecoming,neg
misbegotten,neg
misbehavior,neg
miscalculation,neg
miscalculation,neg
mischief,neg
mischief,neg
mischievous,neg
mischievously,neg
misconception,neg
misconceptions,neg
misconceptions,neg
miscreant,neg
miscreants,neg
misdirection,neg
miser,neg
miserly,neg
miserable,neg
miserableness,neg
miserably,neg
miseries,neg
misery,neg
misery,neg
misfit,neg
misfortune,neg
misgiving,neg
misgivings,neg
misguidance,neg
misguided,neg
mishap,neg
misinformed,neg
misjudgment,neg
mislead,neg
misleading,neg
misreading,neg
misreading,neg
misstatement,neg
mistake,neg
mistake,neg
mistakes,neg
mistakes,neg
mistrust,neg
mistrust,neg
misunderstand,neg
misunderstood,neg
misunderstanding,neg
misunderstanding,neg
misunderstanding,neg
misunderstandings,neg
misunderstandings,neg
mock,neg
mockeries,neg
mockery,neg
mocking,neg
mockingly,neg
molestation,neg
monotonous,neg
monotony,neg
monster,neg
monstrosities,neg
monstrosity,neg
monstrous,neg
monstrously,neg
moody,neg
moot,neg
morbid,neg
morbidly,neg
mordant,neg
mordantly,neg
moribund,neg
mortification,neg
mortified,neg
mortifying,neg
mortifying,neg
motionless,neg
motley,neg
mourner,neg
mournful,neg
mournfully,neg
muddy,neg
mudslinger,neg
mudslinging,neg
mulish,neg
multi-polarization,neg
multi-polarization,neg
mundane,neg
murder,neg
murderous,neg
murderously,neg
murky,neg
muscle-flexing,neg
mysterious,neg
mysteriously,neg
mystery,neg
mistified,neg
myth,neg
myth,neg
naive,neg
naively,neg
narrow,neg
narrower,neg
narrower,neg
nastily,neg
nastiness,neg
nasty,neg
nationalism,neg
nationalism,neg
naughty,neg
nauseating,neg
nauseatingly,neg
nebulous,neg
nebulous,neg
nebulously,neg
need,neg
need,neg
needless,neg
needlessly,neg
needy,neg
nefarious,neg
nefariously,neg
negation,neg
negative,neg
neglect,neg
neglected,neg
negligent,neg
negligence,neg
negligible,neg
nemesis,neg
nettlesome,neg
nervous,neg
nervously,neg
nervousness,neg
neurotic,neg
neurotically,neg
nightmare,neg
nightmarish,neg
nightmarishly,neg
noisy,neg
non-confidence,neg
non-confidence,neg
nonexistent,neg
nonsense,neg
nosey,neg
notorious,neg
notoriously,neg
nuisance,neg
nuisance,neg
obese,neg
obese,neg
objection,neg
objection,neg
objectionable,neg
objections,neg
objections,neg
oblique,neg
obliterated,neg
oblivious,neg
oblivious,neg
obnoxious,neg
obnoxiously,neg
obscene,neg
obscenely,neg
obscenity,neg
obscure,neg
obsession,neg
obsessions,neg
obsessive,neg
obsessively,neg
obsessiveness,neg
obsolete,neg
obstacle,neg
obstacle,neg
obstinate,neg
obstinately,neg
obstruction,neg
obtrusive,neg
obtuse,neg
obviously,neg
odd,neg
oddities,neg
oddities,neg
oddity,neg
oddly,neg
offence,neg
offence,neg
offend,neg
offending,neg
offenses,neg
offenses,neg
offensive,neg
offensive,neg
offensively,neg
offensiveness,neg
officious,neg
ominous,neg
ominously,neg
omission,neg
one-side,neg
one-sided,neg
onerous,neg
onerously,neg
onslaught,neg
onslaught,neg
opinionated,neg
opponent,neg
opportunistic,neg
opposition,neg
opposition,neg
oppositions,neg
oppositions,neg
oppression,neg
oppression,neg
oppressive,neg
oppressively,neg
oppressiveness,neg
oppressors,neg
oppressors,neg
orphan,neg
outbreak,neg
outburst,neg
outburst,neg
outbursts,neg
outbursts,neg
outcast,neg
outcry,neg
outdated,neg
outlaw,neg
outmoded,neg
outrage,neg
outraged,neg
outrageous,neg
outrageously,neg
outrageousness,neg
outrages,neg
outsider,neg
over-acted,neg
over-valuation,neg
over-valuation,neg
overacted,neg
overbalanced,neg
overbearing,neg
overbearingly,neg
overblown,neg
overdone,neg
overdue,neg
overkill,neg
oversight,neg
oversimplification,neg
oversimplified,neg
oversized,neg
overstatement,neg
overstatement,neg
overstatements,neg
overtaxed,neg
overwhelming,neg
overwhelmingly,neg
overworked,neg
overzealous,neg
overzealously,neg
pain,neg
pain,neg
painful,neg
painfully,neg
pains,neg
pains,neg
pale,neg
pale,neg
paltry,neg
pandemonium,neg
panic,neg
panicky,neg
paradoxical,neg
paradoxically,neg
paralize,neg
paralyzed,neg
paranoia,neg
paranoid,neg
parasite,neg
pariah,neg
partiality,neg
partiality,neg
partisan,neg
partisan,neg
partisans,neg
partisans,neg
passe,neg
passive,neg
passive,neg
passiveness,neg
passiveness,neg
pathetic,neg
pathetically,neg
paucity,neg
paucity,neg
pauper,neg
paupers,neg
paupers,neg
payback,neg
payback,neg
peculiar,neg
pedantic,neg
pedestrian,neg
peeved,neg
peevish,neg
peevishly,neg
penalty,neg
penalty,neg
perfidious,neg
perfidity,neg
perfunctory,neg
perfunctory,neg
peril,neg
perilous,neg
perilously,neg
peripheral,neg
pernicious,neg
perplexed,neg
perplexing,neg
perplexity,neg
persecution,neg
persecution,neg
pertinacious,neg
pertinaciously,neg
pertinacity,neg
perturbed,neg
perverse,neg
perversely,neg
perversion,neg
perversity,neg
perverted,neg
pessimism,neg
pessimistic,neg
pessimistically,neg
pest,neg
pestilent,neg
petrified,neg
petty,neg
phobia,neg
phobic,neg
phony,neg
picky,neg
pillage,neg
pinch,neg
pitiable,neg
pitiful,neg
pitifully,neg
pitiless,neg
pitilessly,neg
pittance,neg
pity,neg
plague,neg
plague,neg
plaything,neg
plaything,neg
plea,neg
pleas,neg
pleas,neg
plebeian,neg
plight,neg
plotters,neg
plotters,neg
ploy,neg
ploy,neg
plunderer,neg
pointless,neg
pointlessly,neg
poison,neg
poison,neg
poisonous,neg
poisonously,neg
polarisation,neg
polarisation,neg
polluter,neg
polluter,neg
polluters,neg
polluters,neg
polution,neg
pompous,neg
poor,neg
poorly,neg
posturing,neg
posturing,neg
poverty,neg
powerless,neg
pratfall,neg
precarious,neg
precariously,neg
precipitous,neg
predatory,neg
predicament,neg
prejudice,neg
prejudice,neg
prejudicial,neg
premeditated,neg
preposterous,neg
preposterously,neg
pressing,neg
pressing,neg
presumptuous,neg
presumptuously,neg
pretence,neg
pretence,neg
pretend,neg
pretense,neg
pretense,neg
pretentious,neg
pretentiously,neg
pricey,neg
prickles,neg
prickles,neg
prideful,neg
primitive,neg
primitive,neg
prison,neg
prisoner,neg
problem,neg
problematic,neg
problematic,neg
problems,neg
problems,neg
procrastination,neg
profane,neg
profanity,neg
prohibitive,neg
prohibitively,neg
propaganda,neg
propaganda,neg
proscription,neg
proscription,neg
proscriptions,neg
proscriptions,neg
protest,neg
protest,neg
protests,neg
protests,neg
protracted,neg
provocation,neg
provocation,neg
provocative,neg
provocative,neg
pugnacious,neg
pugnaciously,neg
pugnacity,neg
punch,neg
punch,neg
punishable,neg
punitive,neg
punitive,neg
puny,neg
puppet,neg
puppet,neg
puppets,neg
puppets,neg
puzzled,neg
puzzlement,neg
puzzling,neg
qualms,neg
qualms,neg
quandary,neg
quarrel,neg
quarrel,neg
quarrellous,neg
quarrellously,neg
quarrels,neg
quarrelsome,neg
queer,neg
questionable,neg
quitter,neg
racism,neg
racism,neg
racist,neg
racist,neg
racist,neg
racists,neg
racists,neg
radical,neg
radical,neg
radical,neg
radicalization,neg
radicalization,neg
radically,neg
radicals,neg
rage,neg
ragged,neg
raging,neg
rampant,neg
ramshackle,neg
rancor,neg
rank,neg
ranting,neg
rantingly,neg
rascal,neg
rash,neg
rat,neg
raving,neg
reactionary,neg
rebellious,neg
recalcitrant,neg
recession,neg
recessionary,neg
reckless,neg
recklessly,neg
recklessness,neg
recourses,neg
recourses,neg
redundancy,neg
redundant,neg
refusal,neg
refusal,neg
refuse,neg
refutation,neg
refutation,neg
regression,neg
regressive,neg
regret,neg
regret,neg
regretful,neg
regretfully,neg
regrettable,neg
regrettably,neg
rejection,neg
rejection,neg
relentless,neg
relentlessly,neg
relentlessness,neg
reluctance,neg
reluctance,neg
reluctant,neg
reluctantly,neg
remorse,neg
remorseful,neg
remorsefully,neg
remorseless,neg
remorselessly,neg
remorselessness,neg
renunciation,neg
repetitive,neg
reprehensible,neg
reprehensibly,neg
reprehension,neg
reprehensive,neg
repression,neg
repression,neg
repressive,neg
reproach,neg
reproach,neg
reproachful,neg
reprovingly,neg
repudiation,neg
repudiation,neg
repugnance,neg
repugnant,neg
repugnantly,neg
repulsed,neg
repulsing,neg
repulsive,neg
repulsively,neg
repulsiveness,neg
resentful,neg
resentment,neg
resentment,neg
reservations,neg
reservations,neg
resigned,neg
resistance,neg
resistance,neg
resistant,neg
resistant,neg
restless,neg
restlessness,neg
restricted,neg
restriction,neg
restrictive,neg
retaliatory,neg
reticent,neg
retreat,neg
revenge,neg
revengeful,neg
revengefully,neg
reviled,neg
revolting,neg
revoltingly,neg
revulsion,neg
revulsive,neg
rhetoric,neg
rhetoric,neg
rhetorical,neg
rhetorical,neg
ridicule,neg
ridiculous,neg
ridiculously,neg
rife,neg
rift,neg
rift,neg
rifts,neg
rifts,neg
rigid,neg
rigor,neg
rigorous,neg
riled,neg
risk,neg
risk,neg
risky,neg
rival,neg
rivalry,neg
roadblocks,neg
roadblocks,neg
rocky,neg
rogue,neg
rogue,neg
rollercoaster,neg
rollercoaster,neg
rot,neg
rotten,neg
rough,neg
rubbish,neg
rude,neg
rue,neg
ruffian,neg
ruin,neg
ruin,neg
ruinous,neg
rumbling,neg
rumbling,neg
rumor,neg
rumor,neg
rumors,neg
rumors,neg
rumours,neg
rumours,neg
run-down,neg
runaway,neg
rupture,neg
rusty,neg
ruthless,neg
ruthlessly,neg
ruthlessness,neg
sacrifice,neg
sacrifice,neg
sad,neg
sadly,neg
sadness,neg
salacious,neg
sanctimonious,neg
sanctimonious,neg
sarcasm,neg
sarcastic,neg
sarcastically,neg
sardonic,neg
sardonically,neg
sass,neg
satirical,neg
savage,neg
savage,neg
savaged,neg
savagely,neg
savagery,neg
savages,neg
scandal,neg
scandal,neg
scandalized,neg
scandalous,neg
scandalously,neg
scandals,neg
scant,neg
scapegoat,neg
scar,neg
scarred,neg
scarce,neg
scarcely,neg
scarcity,neg
scared,neg
scarier,neg
scariest,neg
scarily,neg
scars,neg
scars,neg
scary,neg
scary,neg
scathing,neg
scathingly,neg
scheme,neg
scheming,neg
scoffingly,neg
scolding,neg
scoldingly,neg
scorching,neg
scorchingly,neg
scornful,neg
scornfully,neg
scoundrel,neg
scourge,neg
scowl,neg
screech,neg
scum,neg
scummy,neg
second-class,neg
second-tier,neg
secretive,neg
secretive,neg
sedentary,neg
seedy,neg
seething,neg
self-coup,neg
self-coup,neg
self-criticism,neg
self-criticism,neg
self-defeating,neg
self-destructive,neg
self-humiliation,neg
self-humiliation,neg
self-interest,neg
self-interest,neg
self-interested,neg
self-serving,neg
self-serving,neg
selfinterested,neg
selfish,neg
selfishly,neg
selfishness,neg
senile,neg
senseless,neg
senselessly,neg
serious,neg
seriously,neg
seriousness,neg
servitude,neg
set-up,neg
set-up,neg
sever,neg
severe,neg
severe,neg
severely,neg
severity,neg
shabby,neg
shadowy,neg
shady,neg
shaky,neg
shallow,neg
sham,neg
shambles,neg
shame,neg
shameful,neg
shameful,neg
shamefully,neg
shamefully,neg
shamefulness,neg
shameless,neg
shamelessly,neg
shamelessness,neg
shark,neg
sharp,neg
sharply,neg
sheer,neg
shirker,neg
shipwreck,neg
shock,neg
shock,neg
shocking,neg
shockingly,neg
shoddy,neg
short-lived,neg
shortage,neg
shortcoming,neg
shortcomings,neg
shortsighted,neg
shortsightedness,neg
showdown,neg
showdown,neg
shred,neg
shrew,neg
shrill,neg
shrill,neg
shrilly,neg
shrouded,neg
shrug,neg
shunned,neg
shy,neg
shyly,neg
shyness,neg
sick,neg
sickly,neg
sickening,neg
sickening,neg
sickeningly,neg
sickness,neg
sidetracked,neg
siege,neg
sillily,neg
silly,neg
simplistic,neg
simplistic,neg
simplistically,neg
sin,neg
sin,neg
sinful,neg
sinfully,neg
sinister,neg
sinisterly,neg
sinking,neg
sinking,neg
skeletons,neg
skeletons,neg
skeptical,neg
skeptical,neg
skeptically,neg
skepticism,neg
skepticism,neg
sketchy,neg
skimpy,neg
skittish,neg
skittishly,neg
slack,neg
slander,neg
slanderer,neg
slanderous,neg
slanderously,neg
slanders,neg
slanders,neg
slashing,neg
slashing,neg
slaughter,neg
slaughter,neg
slaughtered,neg
slaves,neg
slaves,neg
sleazy,neg
slight,neg
slight,neg
slightly,neg
slime,neg
sloppy,neg
sloppily,neg
sloth,neg
slothful,neg
slow,neg
slowly,neg
slow-moving,neg
slug,neg
sluggish,neg
slump,neg
slump,neg
slur,neg
sly,neg
smack,neg
smack,neg
smash,neg
smokescreen,neg
smokescreen,neg
smoldering,neg
smouldering,neg
smug,neg
smugly,neg
smut,neg
smuttier,neg
smuttiest,neg
smutty,neg
snare,neg
snarl,neg
sneak,neg
sneakily,neg
sneaky,neg
sneer,neg
sneering,neg
sneeringly,neg
so-cal,neg
so-called,neg
sober,neg
sobering,neg
solemn,neg
solemn,neg
somber,neg
sore,neg
sore,neg
sorely,neg
soreness,neg
sorrow,neg
sorrowful,neg
sorrowfully,neg
sorry,neg
sounding,neg
sour,neg
sourly,neg
spade,neg
spade,neg
spilling,neg
spilling,neg
spinster,neg
spiritless,neg
spite,neg
spiteful,neg
spitefully,neg
spitefulness,neg
split,neg
splitting,neg
spookier,neg
spookiest,neg
spookily,neg
spooky,neg
spooky,neg
spoon-fed,neg
spoonfed,neg
sporadic,neg
spot,neg
spotty,neg
spurious,neg
squabbling,neg
staggering,neg
staggeringly,neg
stagnant,neg
stagnation,neg
staid,neg
stake,neg
stake,neg
stale,neg
stalemate,neg
stampede,neg
stampede,neg
standstill,neg
stark,neg
starkly,neg
startling,neg
startlingly,neg
starvation,neg
static,neg
stealing,neg
steep,neg
steeply,neg
stench,neg
stereotype,neg
stereotypical,neg
stereotypically,neg
stern,neg
stern,neg
sticky,neg
stiff,neg
stifling,neg
stiflingly,neg
stigma,neg
sting,neg
sting,neg
stinging,neg
stingingly,neg
stink,neg
stinking,neg
stodgy,neg
stole,neg
stolen,neg
stolen,neg
stooge,neg
stooges,neg
stooges,neg
stormy,neg
straggler,neg
strain,neg
strained,neg
strange,neg
strenuous,neg
stress,neg
stressful,neg
stressfully,neg
stricken,neg
strict,neg
strictly,neg
strident,neg
stridently,neg
strife,neg
stringent,neg
stringently,neg
struggle,neg
struggle,neg
stubborn,neg
stubbornly,neg
stubbornness,neg
stuffy,neg
stunt,neg
stunted,neg
stupid,neg
stupidity,neg
stupidly,neg
stupified,neg
stupor,neg
sty,neg
sty,neg
subdued,neg
subjected,neg
subjection,neg
subjugate,neg
subjugation,neg
submissive,neg
subordinate,neg
subordinate,neg
subservience,neg
subservient,neg
substandard,neg
subversion,neg
subversive,neg
subversively,neg
sucker,neg
sufferer,neg
sufferers,neg
sufferers,neg
suffering,neg
suffering,neg
sugar-coated,neg
sugarcoated,neg
suicidal,neg
suicide,neg
sullen,neg
superficial,neg
superficial,neg
superficiality,neg
superficially,neg
superfluous,neg
superiority,neg
superiority,neg
superstition,neg
superstitious,neg
suppression,neg
suppression,neg
supremacy,neg
supremacy,neg
surrender,neg
surrender,neg
susceptible,neg
suspect,neg
suspect,neg
suspicion,neg
suspicion,neg
suspicions,neg
suspicions,neg
suspicious,neg
suspicious,neg
suspiciously,neg
swamped,neg
swear,neg
swipe,neg
swipe,neg
swore,neg
sympathetic,neg
sympathetic,neg
sympathetically,neg
sympathies,neg
sympathies,neg
sympathy,neg
sympathy,neg
symptom,neg
syndrome,neg
syndrome,neg
taboo,neg
taboo,neg
tainted,neg
tangled,neg
tantrum,neg
tardy,neg
taunt,neg
taunting,neg
tauntingly,neg
taunts,neg
tawdry,neg
teasingly,neg
taxing,neg
tedious,neg
tediously,neg
temerity,neg
temper,neg
tempest,neg
temptation,neg
tense,neg
tension,neg
tension,neg
tentative,neg
tentatively,neg
tenuous,neg
tenuously,neg
tepid,neg
terrible,neg
terribleness,neg
terribly,neg
terror,neg
terror-genic,neg
terror-genic,neg
terrorism,neg
thankless,neg
thirst,neg
thorny,neg
thorny,neg
thoughtless,neg
thoughtlessly,neg
thoughtlessness,neg
threat,neg
threat,neg
threatening,neg
threatening,neg
threats,neg
threats,neg
thumbs,neg
thumbs,neg
timid,neg
timidity,neg
timidly,neg
timidness,neg
tiny,neg
tired,neg
tiresome,neg
tiring,neg
tiring,neg
tiringly,neg
toll,neg
toll,neg
torment,neg
tormented,neg
torrent,neg
torture,neg
tortured,neg
tortuous,neg
torturous,neg
torturously,neg
totalitarian,neg
touchy,neg
toughness,neg
toughness,neg
toxic,neg
tragedy,neg
tragedy,neg
tragic,neg
tragically,neg
traitor,neg
traitorous,neg
traitorously,neg
traitorously,neg
tramp,neg
transgression,neg
trauma,neg
trauma,neg
traumatic,neg
traumatic,neg
traumatically,neg
traumatized,neg
travesties,neg
travesty,neg
treacherous,neg
treacherously,neg
treachery,neg
treason,neg
treasonous,neg
trial,neg
trick,neg
trick,neg
tricky,neg
tricky,neg
trickery,neg
trivial,neg
trivial,neg
trivially,neg
trouble,neg
trouble,neg
troublemaker,neg
troublemaker,neg
troublesome,neg
troublesome,neg
troublesomely,neg
truant,neg
trying,neg
tumultuous,neg
turbulent,neg
turmoil,neg
twist,neg
twisted,neg
twists,neg
twists,neg
tyrannical,neg
tyrannically,neg
tyranny,neg
tyrant,neg
ugliness,neg
ugliness,neg
ugly,neg
ulterior,neg
ultimatum,neg
ultimatums,neg
ultimatums,neg
ultra-hardline,neg
ultra-hardline,neg
unable,neg
unacceptable,neg
unacceptablely,neg
unaccustomed,neg
unattractive,neg
unauthentic,neg
unavailable,neg
unavoidable,neg
unavoidably,neg
unbearable,neg
unbearablely,neg
unbelievable,neg
unbelievably,neg
uncertain,neg
uncivil,neg
uncivilized,neg
uncivilized,neg
unclean,neg
unclear,neg
uncollectible,neg
uncomfortable,neg
uncompetitive,neg
uncompromising,neg
uncompromisingly,neg
unconfirmed,neg
unconstitutional,neg
uncontrolled,neg
unconvincing,neg
unconvincingly,neg
uncouth,neg
undecided,neg
undefined,neg
undependability,neg
undependable,neg
underdog,neg
underdog,neg
underlings,neg
underlings,neg
underpaid,neg
undesirable,neg
undetermined,neg
undid,neg
undignified,neg
undo,neg
undocumented,neg
undone,neg
undue,neg
unease,neg
unease,neg
uneasily,neg
uneasiness,neg
uneasiness,neg
uneasy,neg
uneconomical,neg
unethical,neg
uneven,neg
uneventful,neg
unexpected,neg
unexplained,neg
unfair,neg
unfairly,neg
unfaithful,neg
unfaithfully,neg
unfamiliar,neg
unfavorable,neg
unfeeling,neg
unfinished,neg
unfit,neg
unforeseen,neg
unfortunate,neg
unfounded,neg
unfriendly,neg
unfulfilled,neg
unfunded,neg
ungrateful,neg
ungovernable,neg
ungovernable,neg
unhappily,neg
unhappiness,neg
unhappy,neg
unhealthy,neg
unilateralism,neg
unilateralism,neg
unimaginable,neg
unimaginably,neg
unimportant,neg
uninformed,neg
uninsured,neg
unipolar,neg
unipolar,neg
unjust,neg
unjustifiable,neg
unjustifiably,neg
unjustified,neg
unkind,neg
unkindly,neg
unlamentable,neg
unlamentably,neg
unlawful,neg
unlawfully,neg
unlawfulness,neg
unlawfulness,neg
unlicensed,neg
unlucky,neg
unmoved,neg
unnatural,neg
unnecessary,neg
unneeded,neg
unnerved,neg
unnerving,neg
unnervingly,neg
unnoticed,neg
unobserved,neg
unorthodox,neg
unorthodoxy,neg
unpleasant,neg
unpleasantries,neg
unpleasantries,neg
unpopular,neg
unprecedent,neg
unprecedented,neg
unpredictable,neg
unprepared,neg
unproductive,neg
unprofitable,neg
unqualified,neg
unravel,neg
unravel,neg
unraveled,neg
unrealistic,neg
unreasonable,neg
unreasonably,neg
unrelenting,neg
unrelentingly,neg
unreliability,neg
unreliability,neg
unreliable,neg
unresolved,neg
unrest,neg
unruly,neg
unsafe,neg
unsatisfactory,neg
unsavory,neg
unscrupulous,neg
unscrupulously,neg
unsettled,neg
unsettlingly,neg
unskilled,neg
unsophisticated,neg
unsound,neg
unspeakable,neg
unspeakablely,neg
unspecified,neg
unstable,neg
unsteadily,neg
unsteadiness,neg
unsteady,neg
unsuccessful,neg
unsuccessfully,neg
unsupported,neg
unsure,neg
unsuspecting,neg
unsustainable,neg
untenable,neg
untested,neg
unthinkable,neg
unthinkably,neg
untimely,neg
untrue,neg
untrustworthy,neg
untruthful,neg
unusual,neg
unusually,neg
unwanted,neg
unwarranted,neg
unwelcome,neg
unwieldy,neg
unwilling,neg
unwillingly,neg
unwillingness,neg
unwise,neg
unwisely,neg
unworkable,neg
unworthy,neg
unyielding,neg
upheaval,neg
uprising,neg
uproar,neg
uproarious,neg
uproariously,neg
uproarous,neg
uproarously,neg
upset,neg
upsetting,neg
upsettingly,neg
urgency,neg
urgency,neg
urgent,neg
urgent,neg
urgently,neg
useless,neg
usurper,neg
utter,neg
utterly,neg
vagrant,neg
vague,neg
vague,neg
vagueness,neg
vain,neg
vainly,neg
vanity,neg
vehement,neg
vehemently,neg
vengeance,neg
vengeful,neg
vengefully,neg
vengefulness,neg
venom,neg
venom,neg
venomous,neg
venomously,neg
vent,neg
vent,neg
vestiges,neg
vestiges,neg
veto,neg
veto,neg
vexation,neg
vexing,neg
vexingly,neg
vice,neg
vicious,neg
viciously,neg
viciousness,neg
vile,neg
vileness,neg
villainous,neg
villainously,neg
villains,neg
villains,neg
villian,neg
villianous,neg
villianously,neg
vindictive,neg
vindictively,neg
vindictiveness,neg
violation,neg
violator,neg
violator,neg
violent,neg
violently,neg
viper,neg
virulence,neg
virulent,neg
virulently,neg
virus,neg
virus,neg
vocally,neg
vociferous,neg
vociferously,neg
void,neg
volatile,neg
volatility,neg
vomit,neg
vulgar,neg
waning,neg
waning,neg
wanton,neg
war,neg
war,neg
war-like,neg
war-like,neg
warfare,neg
warlike,neg
warning,neg
warning,neg
warped,neg
wary,neg
warily,neg
wariness,neg
waste,neg
wasteful,neg
wastefulness,neg
watchdog,neg
watchdog,neg
wayward,neg
weak,neg
weakening,neg
weakening,neg
weakness,neg
weakness,neg
weaknesses,neg
weaknesses,neg
weariness,neg
wearisome,neg
weary,neg
weary,neg
wedge,neg
wedge,neg
wee,neg
weed,neg
weird,neg
weird,neg
weirdly,neg
whips,neg
whips,neg
wicked,neg
wickedly,neg
wickedness,neg
widespread,neg
wild,neg
wildly,neg
wiles,neg
wily,neg
withheld,neg
withhold,neg
woe,neg
woebegone,neg
woeful,neg
woefully,neg
worn,neg
worried,neg
worriedly,neg
worrier,neg
worries,neg
worries,neg
worrisome,neg
worry,neg
worry,neg
worryingly,neg
worse,neg
worst,neg
worthless,neg
worthlessly,neg
worthlessness,neg
wound,neg
wound,neg
wounds,neg
wounds,neg
wreck,neg
wrath,neg
wretch,neg
wretched,neg
wretchedly,neg
wretchedness,neg
wrong,neg
wrongful,neg
wrought,neg
wrought,neg
yawn,neg
zealot,neg
zealous,neg
zealously,neg