abidance,pos
abidance,pos
abilities,pos
ability,pos
able,pos
above,pos
above-average,pos
abundant,pos
abundance,pos
acceptance,pos
acceptable,pos
accessible,pos
acclaim,pos
acclaimed,pos
accolade,pos
accolades,pos
accommodative,pos
accomplishment,pos
accomplishments,pos
accordance,pos
accordantly,pos
accurate,pos
accurately,pos
achievable,pos
achievement,pos
achievements,pos
acknowledgement,pos
active,pos
acumen,pos
adaptable,pos
adaptability,pos
adaptive,pos
adept,pos
adeptly,pos
adequate,pos
adherence,pos
adherent,pos
adhesion,pos
admirable,pos
admirer,pos
admirable,pos
admirably,pos
admiration,pos
admiring,pos
admiringly,pos
admission,pos
admission,pos
adorable,pos
adored,pos
adorer,pos
adoring,pos
adoringly,pos
adroit,pos
adroitly,pos
adulatory,pos
advanced,pos
advantage,pos
advantage,pos
advantageous,pos
advantages,pos
advantages,pos
adventure,pos
adventure,pos
adventuresome,pos
adventurism,pos
adventurous,pos
advice,pos
advice,pos
advisable,pos
advocacy,pos
affable,pos
affability,pos
affably,pos
affection,pos
affection,pos
affectionate,pos
affinity,pos
affirmation,pos
affirmation,pos
affirmative,pos
affluent,pos
affluence,pos
affordable,pos
afloat,pos
agile,pos
agilely,pos
agility,pos
agreeable,pos
agreement,pos
agreement,pos
allowable,pos
allure,pos
alluring,pos
alluringly,pos
almighty,pos
altruist,pos
altruistic,pos
altruistically,pos
amazed,pos
amazement,pos
amazing,pos
amazingly,pos
ambitious,pos
ambitious,pos
amenable,pos
amenity,pos
amiability,pos
amiabily,pos
amiable,pos
amicability,pos
amicable,pos
amicably,pos
amity,pos
amity,pos
amnesty,pos
amour,pos
ample,pos
amply,pos
amusement,pos
amusement,pos
amusing,pos
angel,pos
angelic,pos
animated,pos
apostle,pos
apostle,pos
apotheosis,pos
apotheosis,pos
appeal,pos
appeal,pos
appealing,pos
appreciable,pos
appreciation,pos
appreciation,pos
appreciative,pos
appropriate,pos
approval,pos
apt,pos
aptly,pos
aptitude,pos
ardent,pos
ardently,pos
ardor,pos
aristocratic,pos
arresting,pos
articulate,pos
ascendant,pos
ascendant,pos
ascertainable,pos
ascertainable,pos
aspiration,pos
aspirations,pos
aspirations,pos
assertions,pos
assertions,pos
assertive,pos
asset,pos
assiduous,pos
assiduously,pos
assurance,pos
assurance,pos
assurances,pos
assurances,pos
assuredly,pos
astonished,pos
astonishing,pos
astonishingly,pos
astonishment,pos
astounded,pos
astounding,pos
astounding,pos
astoundingly,pos
astute,pos
astutely,pos
asylum,pos
asylum,pos
attainable,pos
attentive,pos
attraction,pos
attraction,pos
attractive,pos
attractive,pos
attune,pos
auspicious,pos
authentic,pos
authoritative,pos
award,pos
autonomous,pos
avid,pos
avidly,pos
awe,pos
awed,pos
awesome,pos
awesomely,pos
awesomeness,pos
awestruck,pos
backbone,pos
balanced,pos
bargain,pos
bargain,pos
basic,pos
beacon,pos
beauteous,pos
beautiful,pos
beautifully,pos
beauty,pos
befitting,pos
believable,pos
beloved,pos
benefactor,pos
beneficial,pos
beneficent,pos
beneficiary,pos
beneficiary,pos
benefit,pos
benefit,pos
benefits,pos
benefits,pos
benevolence,pos
benevolent,pos
benign,pos
best-known,pos
best-performing,pos
best-selling,pos
better,pos
better-known,pos
better-than-expected,pos
blameless,pos
blessing,pos
blessing,pos
bliss,pos
blissful,pos
blissfully,pos
blithe,pos
bold,pos
boldly,pos
boldness,pos
bonny,pos
bonus,pos
boom,pos
booming,pos
boost,pos
boundless,pos
bountiful,pos
brains,pos
brains,pos
brainy,pos
brave,pos
bravery,pos
bravery,pos
breakthrough,pos
breakthrough,pos
breakthroughs,pos
breakthroughs,pos
breathlessness,pos
breathlessness,pos
breathtaking,pos
breathtakingly,pos
bright,pos
brightness,pos
brilliance,pos
brilliant,pos
brilliantly,pos
brisk,pos
broad,pos
brotherly,pos
bull,pos
bull,pos
bullish,pos
bullish,pos
buoyant,pos
calm,pos
calmness,pos
candid,pos
candor,pos
capable,pos
capability,pos
capably,pos
captivating,pos
captivation,pos
carefree,pos
careful,pos
catalyst,pos
catalyst,pos
catchy,pos
celebrated,pos
celebration,pos
celebrity,pos
champion,pos
champ,pos
champion,pos
charismatic,pos
charitable,pos
charitable,pos
charity,pos
charm,pos
charm,pos
charming,pos
charming,pos
charmingly,pos
chaste,pos
cheer,pos
cheery,pos
cheerful,pos
cherished,pos
cherub,pos
chic,pos
chivalry,pos
chivalrous,pos
chum,pos
civility,pos
civilization,pos
civilize,pos
civil,pos
clarity,pos
classic,pos
clean,pos
cleanliness,pos
cleanse,pos
clear-cut,pos
clearer,pos
clearer,pos
clearly,pos
clever,pos
closeness,pos
closeness,pos
clout,pos
clout,pos
co-operation,pos
co-operation,pos
cogent,pos
cohesive,pos
coherence,pos
coherence,pos
coherent,pos
cohesion,pos
cohesive,pos
colorful,pos
colossal,pos
comeback,pos
comeback,pos
comely,pos
comfortable,pos
comfortable,pos
comfortably,pos
comforting,pos
commendable,pos
commendably,pos
commensurate,pos
commonsense,pos
commonsensible,pos
commonsensibly,pos
commonsensical,pos
commodious,pos
commitment,pos
commitment,pos
compact,pos
compassion,pos
compassionate,pos
compatible,pos
compatible,pos
compelling,pos
compelling,pos
competent,pos
competence,pos
competency,pos
competitive,pos
competitive,pos
competitiveness,pos
complement,pos
compliant,pos
compliant,pos
complimentary,pos
comprehensive,pos
compromise,pos
compromise,pos
compromises,pos
compromises,pos
comrades,pos
comrades,pos
conceivable,pos
conceivable,pos
conciliatory,pos
conclusive,pos
concrete,pos
conducive,pos
conducive,pos
confidence,pos
confidence,pos
confident,pos
congenial,pos
congratulations,pos
congratulations,pos
conscience,pos
conscientious,pos
consensus,pos
considerate,pos
consistent,pos
constancy,pos
constructive,pos
constructive,pos
constructive,pos
consummate,pos
content,pos
contentment,pos
continuity,pos
contribution,pos
contribution,pos
convenient,pos
convenient,pos
conviction,pos
conviction,pos
convincing,pos
convincing,pos
convincingly,pos
cooperation,pos
cooperation,pos
cooperative,pos
cooperatively,pos
cordial,pos
cornerstone,pos
cornerstone,pos
correct,pos
cost-effective,pos
cost-saving,pos
courage,pos
courage,pos
courageous,pos
courageously,pos
courageousness,pos
courteous,pos
courtesy,pos
courtly,pos
covenant,pos
cozy,pos
craving,pos
creative,pos
credence,pos
credence,pos
credible,pos
crisp,pos
crusade,pos
crusade,pos
crusader,pos
cure-all,pos
cure-all,pos
cute,pos
dance,pos
daring,pos
daringly,pos
dashing,pos
dauntless,pos
dazzled,pos
dazzling,pos
deal,pos
dear,pos
decent,pos
decency,pos
decisive,pos
decisiveness,pos
decisiveness,pos
dedicated,pos
defender,pos
defender,pos
deference,pos
defense,pos
definite,pos
definitive,pos
definitive,pos
definitively,pos
deflationary,pos
deft,pos
delectable,pos
delicacy,pos
delicate,pos
delicious,pos
delight,pos
delighted,pos
delightful,pos
delightful,pos
delightfully,pos
delightfulness,pos
democratic,pos
dependable,pos
deserved,pos
deservedly,pos
deserving,pos
desirable,pos
desire,pos
desire,pos
desirous,pos
destined,pos
destinies,pos
destinies,pos
destiny,pos
determination,pos
determination,pos
devoted,pos
devotee,pos
devotion,pos
devout,pos
dexterity,pos
dexterous,pos
dexterously,pos
dextrous,pos
dignified,pos
dignity,pos
diligence,pos
diligent,pos
diligently,pos
diplomatic,pos
diplomatic,pos
discerning,pos
discreet,pos
discreet,pos
discretion,pos
discriminating,pos
discriminatingly,pos
distinct,pos
distinction,pos
distinctive,pos
distinctive,pos
distinctive,pos
distinguished,pos
diversified,pos
divine,pos
divinely,pos
dodge,pos
dodge,pos
dotingly,pos
doubtless,pos
dream,pos
dream,pos
dreamland,pos
dreams,pos
dreams,pos
dreamy,pos
drive,pos
driven,pos
durable,pos
durability,pos
dynamic,pos
eager,pos
eagerly,pos
eagerness,pos
earnest,pos
earnestly,pos
earnestness,pos
ease,pos
easy,pos
easygoing,pos
ebullience,pos
ebullient,pos
ebulliently,pos
eclectic,pos
economical,pos
ecstasies,pos
ecstasy,pos
ecstatic,pos
ecstatically,pos
educable,pos
educated,pos
educational,pos
effective,pos
effectiveness,pos
effectual,pos
efficacious,pos
efficiency,pos
efficient,pos
effortless,pos
effortlessly,pos
effusion,pos
effusive,pos
effusively,pos
effusiveness,pos
egalitarian,pos
elan,pos
elated,pos
elatedly,pos
elation,pos
electrification,pos
electrification,pos
elegance,pos
elegant,pos
elegantly,pos
elevated,pos
eligible,pos
elite,pos
eloquence,pos
eloquent,pos
eloquently,pos
eminence,pos
eminent,pos
empowerment,pos
enchanted,pos
enchanting,pos
enchantingly,pos
encouragement,pos
encouragement,pos
encouraging,pos
encouraging,pos
encouragingly,pos
endearing,pos
endorsement,pos
endorsement,pos
endorser,pos
endurable,pos
enduring,pos
energetic,pos
energetic,pos
engaging,pos
engrossing,pos
enhanced,pos
enhancement,pos
enjoyable,pos
enjoyably,pos
enjoyment,pos
enlightenment,pos
enrapt,pos
enrichment,pos
enterprising,pos
entertaining,pos
enthusiasm,pos
enthusiast,pos
enthusiastic,pos
enthusiastically,pos
enticing,pos
enticingly,pos
entrancing,pos
entreatingly,pos
enviable,pos
enviably,pos
envisions,pos
envisions,pos
epic,pos
epitome,pos
equality,pos
equality,pos
equitable,pos
erudite,pos
essential,pos
especially,pos
esteem,pos
established,pos
eternity,pos
eternity,pos
ethical,pos
euphoria,pos
euphoric,pos
euphorically,pos
even,pos
evenly,pos
eventful,pos
everlasting,pos
evocative,pos
exalt,pos
exaltation,pos
exalted,pos
exaltedly,pos
exalting,pos
exaltingly,pos
exceeding,pos
exceedingly,pos
excellence,pos
excellency,pos
excellent,pos
excellently,pos
exceptional,pos
exceptionally,pos
excited,pos
excitedly,pos
excitedness,pos
excitement,pos
exciting,pos
excitingly,pos
exclusive,pos
excusable,pos
excusable,pos
exemplar,pos
exemplary,pos
exhaustive,pos
exhaustively,pos
exhilarating,pos
exhilaratingly,pos
exhilaration,pos
expansive,pos
experienced,pos
expert,pos
expertly,pos
explicit,pos
explicitly,pos
expressive,pos
exquisite,pos
exquisitely,pos
extraordinarily,pos
extraordinary,pos
exuberance,pos
exuberant,pos
exuberantly,pos
exultation,pos
exultingly,pos
fabulous,pos
fabulously,pos
fair,pos
fair,pos
fairly,pos
fairness,pos
fairness,pos
faith,pos
faith,pos
faithful,pos
faithful,pos
faithfully,pos
faithfulness,pos
famed,pos
fame,pos
famed,pos
famous,pos
famously,pos
fancy,pos
fanfare,pos
fanfare,pos
fantastic,pos
fantastically,pos
fantasy,pos
fantasy,pos
farsighted,pos
fascinating,pos
fascinatingly,pos
fascination,pos
fashionable,pos
fashionably,pos
fast-growing,pos
fast-paced,pos
fastest-growing,pos
favor,pos
favor,pos
favorable,pos
favored,pos
favorite,pos
favour,pos
fearless,pos
fearlessly,pos
feasible,pos
feasibly,pos
feat,pos
featly,pos
feisty,pos
feisty,pos
felicitous,pos
felicity,pos
fertile,pos
fertile,pos
fervent,pos
fervently,pos
fervid,pos
fervidly,pos
fervor,pos
festive,pos
fidelity,pos
fiery,pos
fine,pos
finely,pos
first-class,pos
first-rate,pos
fit,pos
fitting,pos
flair,pos
flame,pos
flame,pos
flattering,pos
flatteringly,pos
flawless,pos
flawlessly,pos
flexible,pos
flourish,pos
flourishing,pos
fluent,pos
fond,pos
fondly,pos
fondness,pos
foolproof,pos
foremost,pos
foresight,pos
forgave,pos
forgiven,pos
forgiveness,pos
forgiving,pos
forgivingly,pos
fortitude,pos
fortuitous,pos
fortuitously,pos
fortunate,pos
fortune,pos
fortune,pos
fragrant,pos
frank,pos
free,pos
freedom,pos
freedom,pos
freedoms,pos
freedoms,pos
fresh,pos
friend,pos
friend,pos
friendliness,pos
friendliness,pos
friendly,pos
friends,pos
friends,pos
friendship,pos
friendship,pos
fruitful,pos
fulfillment,pos
fulfillment,pos
full-fledged,pos
fun,pos
functional,pos
funny,pos
gaiety,pos
gaily,pos
gain,pos
gainful,pos
gainfully,pos
gallant,pos
gallantly,pos
galore,pos
gem,pos
gem,pos
gems,pos
gems,pos
generosity,pos
generous,pos
generously,pos
genial,pos
genius,pos
gentle,pos
genuine,pos
germane,pos
giddy,pos
gifted,pos
glad,pos
gladly,pos
gladness,pos
glamorous,pos
glee,pos
gleeful,pos
gleefully,pos
glimmer,pos
glimmer,pos
glimmering,pos
glisten,pos
glistening,pos
glitter,pos
glorious,pos
gloriously,pos
glory,pos
glossy,pos
glowingly,pos
go-ahead,pos
go-ahead,pos
god-given,pos
godlike,pos
gold,pos
golden,pos
good,pos
goodly,pos
goodness,pos
goodwill,pos
goodwill,pos
gorgeous,pos
gorgeously,pos
grace,pos
graceful,pos
gracefully,pos
gracious,pos
graciously,pos
graciousness,pos
grail,pos
grail,pos
grand,pos
grandeur,pos
grateful,pos
grateful,pos
gratefully,pos
gratification,pos
gratifying,pos
gratifyingly,pos
gratitude,pos
gratitude,pos
great,pos
greatest,pos
greatness,pos
grit,pos
grit,pos
groundbreaking,pos
groundbreaking,pos
guarantee,pos
guardian,pos
guidance,pos
guidance,pos
guiltless,pos
gumption,pos
gusto,pos
gutsy,pos
halcyon,pos
hale,pos
hallowed,pos
handily,pos
handsome,pos
handy,pos
happily,pos
happiness,pos
happy,pos
hard-working,pos
hardier,pos
hardier,pos
hardy,pos
harmless,pos
harmonious,pos
harmony,pos
harmony,pos
haven,pos
headway,pos
heady,pos
healthful,pos
healthy,pos
healthy,pos
heart,pos
heartening,pos
heartfelt,pos
heartily,pos
heartwarming,pos
heaven,pos
heavenly,pos
help,pos
help,pos
helpful,pos
hero,pos
heroic,pos
heroically,pos
heroine,pos
heros,pos
high-quality,pos
highlight,pos
hilarious,pos
hilariously,pos
hilariousness,pos
hilarity,pos
historic,pos
holy,pos
homage,pos
honest,pos
honest,pos
honestly,pos
honesty,pos
honesty,pos
honeymoon,pos
honor,pos
honor,pos
honorable,pos
hope,pos
hope,pos
hopeful,pos
hopefully,pos
hopefulness,pos
hopes,pos
hopes,pos
hospitable,pos
hot,pos
hug,pos
hug,pos
humane,pos
humane,pos
humanists,pos
humanists,pos
humanity,pos
humankind,pos
humility,pos
humorous,pos
humorously,pos
humour,pos
humour,pos
humourous,pos
ideal,pos
ideal,pos
idealism,pos
idealist,pos
idol,pos
idol,pos
idolized,pos
illuminati,pos
illuminati,pos
illuminating,pos
illustrious,pos
imaginative,pos
immaculate,pos
immaculately,pos
impartial,pos
impartiality,pos
impartially,pos
impassioned,pos
impeccable,pos
impeccably,pos
imperial,pos
imperturbable,pos
impervious,pos
impetus,pos
importance,pos
important,pos
importantly,pos
impregnable,pos
impression,pos
impression,pos
impressions,pos
impressions,pos
impressive,pos
impressively,pos
impressiveness,pos
improving,pos
improved,pos
improvement,pos
inalienable,pos
incisive,pos
incisively,pos
incisiveness,pos
inclination,pos
inclination,pos
inclinations,pos
inclined,pos
inclusive,pos
incontestable,pos
incontrovertible,pos
incorruptible,pos
incredible,pos
incredibly,pos
indebted,pos
indefatigable,pos
indelible,pos
indelibly,pos
independence,pos
independence,pos
independent,pos
indescribable,pos
indescribably,pos
indestructible,pos
indispensable,pos
indispensability,pos
indisputable,pos
individuality,pos
indomitable,pos
indomitably,pos
indubitable,pos
indubitably,pos
indulgence,pos
indulgent,pos
industrious,pos
inestimable,pos
inestimably,pos
inexpensive,pos
infallible,pos
infallibly,pos
infallibility,pos
influential,pos
informative,pos
ingenious,pos
ingeniously,pos
ingenuity,pos
ingenuous,pos
ingenuously,pos
ingratiating,pos
ingratiatingly,pos
innocence,pos
innocence,pos
innocent,pos
innocently,pos
innocuous,pos
innocuous,pos
innovation,pos
innovation,pos
innovative,pos
inoffensive,pos
inquisitive,pos
insight,pos
insight,pos
insightful,pos
insightfully,pos
insistence,pos
insistence,pos
insistent,pos
insistently,pos
inspiration,pos
inspirational,pos
inspiring,pos
inspiring,pos
instructive,pos
instrumental,pos
intact,pos
integral,pos
integrity,pos
intelligent,pos
intelligence,pos
intelligible,pos
interest,pos
interest,pos
interested,pos
interesting,pos
interests,pos
interests,pos
intimacy,pos
intimacy,pos
intimate,pos
intricate,pos
intrigue,pos
intrigue,pos
intriguing,pos
intriguing,pos
intriguingly,pos
intuitive,pos
invaluable,pos
invaluablely,pos
inventive,pos
invigorating,pos
invincibility,pos
invincible,pos
inviolable,pos
inviolate,pos
invulnerable,pos
irrefutable,pos
irrefutably,pos
irreproachable,pos
irresistible,pos
irresistibly,pos
jauntily,pos
jaunty,pos
joke,pos
jovial,pos
joy,pos
joyful,pos
joyfully,pos
joyless,pos
joyous,pos
joyously,pos
jubilant,pos
jubilantly,pos
jubilation,pos
jubilation,pos
judicious,pos
just,pos
just,pos
just,pos
justice,pos
justice,pos
justifiable,pos
justification,pos
justly,pos
keen,pos
keenly,pos
keenness,pos
keenness,pos
kemp,pos
kind,pos
kindly,pos
kindliness,pos
kindness,pos
kingmaker,pos
kiss,pos
knowledgeable,pos
large,pos
large,pos
laudable,pos
laudably,pos
lavish,pos
lavishly,pos
law-abiding,pos
lawful,pos
lawfully,pos
leading,pos
lean,pos
lean,pos
learning,pos
learned,pos
legendary,pos
legitimacy,pos
legitimate,pos
legitimately,pos
lenient,pos
leniently,pos
less-expensive,pos
leverage,pos
levity,pos
liberal,pos
liberation,pos
liberation,pos
liberalism,pos
liberally,pos
liberty,pos
lifeblood,pos
lifelong,pos
light,pos
light,pos
light-hearted,pos
likable,pos
liking,pos
lionhearted,pos
literate,pos
live,pos
lively,pos
lofty,pos
logical,pos
lovable,pos
lovably,pos
love,pos
loveliness,pos
lover,pos
lovely,pos
low-cost,pos
low-risk,pos
lower-priced,pos
loyal,pos
loyalty,pos
loyalty,pos
lucid,pos
lucidly,pos
luck,pos
luckier,pos
luckier,pos
luckily,pos
luckiness,pos
lucky,pos
lucky,pos
lucrative,pos
lucrative,pos
luminous,pos
lush,pos
luster,pos
lustrous,pos
luxuriant,pos
luxurious,pos
luxuriously,pos
luxury,pos
luxury,pos
lyrical,pos
magic,pos
magical,pos
magnanimous,pos
magnanimously,pos
magnetic,pos
magnificence,pos
magnificent,pos
magnificent,pos
magnificently,pos
magnify,pos
majestic,pos
majesty,pos
manageable,pos
manifest,pos
manly,pos
mannerly,pos
marvel,pos
marvellous,pos
marvelous,pos
marvelously,pos
marvelousness,pos
marvels,pos
master,pos
master,pos
masterful,pos
masterfully,pos
masterpiece,pos
masterpieces,pos
masters,pos
masters,pos
mastery,pos
matchless,pos
mature,pos
maturely,pos
maturity,pos
meaningful,pos
meek,pos
mellow,pos
memorable,pos
mentor,pos
mercifully,pos
mercy,pos
mercy,pos
merit,pos
meritorious,pos
merrily,pos
merriment,pos
merriness,pos
merry,pos
mesmerizing,pos
mesmerizing,pos
mesmerizingly,pos
meticulous,pos
meticulously,pos
might,pos
mightily,pos
mighty,pos
mild,pos
mindful,pos
miracle,pos
miracles,pos
miraculous,pos
miraculously,pos
miraculousness,pos
mirth,pos
moderate,pos
moderation,pos
moderation,pos
modern,pos
modest,pos
modesty,pos
momentous,pos
monumental,pos
monumentally,pos
moral,pos
moral,pos
morality,pos
motivated,pos
motivation,pos
motivation,pos
moving,pos
myriad,pos
natural,pos
naturally,pos
navigable,pos
neat,pos
neatly,pos
necessarily,pos
necessary,pos
nice,pos
nifty,pos
nimble,pos
noble,pos
nobly,pos
non-violence,pos
non-violent,pos
normal,pos
notable,pos
notable,pos
noteworthy,pos
noteworthy,pos
noticeable,pos
novel,pos
nourishing,pos
nourishment,pos
nurturing,pos
nurturing,pos
oasis,pos
obedience,pos
obedient,pos
obediently,pos
objective,pos
objectively,pos
offbeat,pos
okay,pos
onward,pos
onward,pos
open,pos
openly,pos
openness,pos
openness,pos
opportune,pos
opportunity,pos
optimal,pos
optimism,pos
optimistic,pos
opulent,pos
orderly,pos
original,pos
originality,pos
outgoing,pos
outstanding,pos
outstandingly,pos
ovation,pos
ovation,pos
overachiever,pos
overjoyed,pos
overture,pos
overture,pos
pacifist,pos
pacifists,pos
pacifists,pos
painless,pos
painlessly,pos
painstaking,pos
painstakingly,pos
palatable,pos
palatial,pos
paradise,pos
paramount,pos
passion,pos
passionate,pos
passionately,pos
patience,pos
patient,pos
patient,pos
patient,pos
patiently,pos
patriot,pos
patriotic,pos
peace,pos
peace,pos
peaceable,pos
peaceful,pos
peaceful,pos
peacefully,pos
peacekeepers,pos
peacekeepers,pos
peerless,pos
penetrating,pos
penitent,pos
perceptive,pos
perfect,pos
perfection,pos
perfectly,pos
permissible,pos
perseverance,pos
persistent,pos
persistent,pos
personages,pos
personages,pos
personality,pos
personality,pos
perspicuous,pos
perspicuously,pos
persuasive,pos
persuasive,pos
persuasively,pos
pertinent,pos
phenomenal,pos
phenomenally,pos
picturesque,pos
piety,pos
pillar,pos
pillar,pos
pinnacle,pos
pious,pos
pithy,pos
pithy,pos
placid,pos
plain,pos
plausibility,pos
plausible,pos
playful,pos
playfully,pos
pleasant,pos
pleasantly,pos
pleased,pos
pleasing,pos
pleasure,pos
pleasure,pos
pledge,pos
pledges,pos
pledges,pos
plentiful,pos
plush,pos
poetic,pos
poignant,pos
poise,pos
poised,pos
polished,pos
polite,pos
politeness,pos
popular,pos
popular,pos
popularity,pos
popularity,pos
portable,pos
posh,pos
positive,pos
positiveness,pos
positively,pos
posterity,pos
potent,pos
potential,pos
potential,pos
powerful,pos
powerfully,pos
practicable,pos
practical,pos
pragmatic,pos
praise,pos
praiseworthy,pos
praising,pos
praising,pos
pre-eminent,pos
preaching,pos
preaching,pos
precaution,pos
precautions,pos
precedent,pos
precious,pos
precious,pos
precise,pos
precisely,pos
precision,pos
preeminent,pos
preemptive,pos
preferable,pos
preference,pos
preferences,pos
preferences,pos
premier,pos
premium,pos
prepared,pos
preponderance,pos
preponderance,pos
prestige,pos
prestigious,pos
prettily,pos
pretty,pos
priceless,pos
pride,pos
principle,pos
principle,pos
principled,pos
privilege,pos
privileged,pos
pro,pos
pro-American,pos
pro-American,pos
pro-Beijing,pos
pro-Beijing,pos
pro-Cuba,pos
pro-Cuba,pos
pro-peace,pos
pro-peace,pos
proactive,pos
proactive,pos
prodigious,pos
prodigiously,pos
prodigy,pos
productive,pos
proficient,pos
proficiently,pos
profit,pos
profitable,pos
profound,pos
profoundly,pos
profuse,pos
profusely,pos
profusion,pos
progress,pos
progressive,pos
prolific,pos
prominent,pos
prominence,pos
promise,pos
promise,pos
promising,pos
promoter,pos
promoter,pos
prompt,pos
promptly,pos
proper,pos
properly,pos
propitious,pos
propitiously,pos
prospect,pos
prospect,pos
prospects,pos
prospects,pos
prosperity,pos
prosperity,pos
prosperous,pos
protection,pos
protective,pos
protector,pos
protector,pos
proud,pos
providence,pos
prowess,pos
prudence,pos
prudence,pos
prudent,pos
prudently,pos
punctual,pos
pundits,pos
pundits,pos
pure,pos
purification,pos
purity,pos
purposeful,pos
quaint,pos
qualified,pos
qualify,pos
quasi-ally,pos
quasi-ally,pos
radiance,pos
radiant,pos
rapprochement,pos
rapprochement,pos
rapport,pos
rapture,pos
raptureous,pos
raptureously,pos
rational,pos
rationality,pos
rationality,pos
re-conquest,pos
re-conquest,pos
readily,pos
ready,pos
reaffirm,pos
reaffirmation,pos
reaffirmation,pos
real,pos
realist,pos
realistic,pos
realistically,pos
reason,pos
reasonable,pos
reasonably,pos
reasoned,pos
reassurance,pos
reassurance,pos
receptive,pos
recognition,pos
recognition,pos
recommendation,pos
recommendations,pos
recommendations,pos
recommended,pos
recompense,pos
reconciliation,pos
reconciliation,pos
record-setting,pos
rectification,pos
rectification,pos
rectifying,pos
rectifying,pos
redeeming,pos
redemption,pos
refined,pos
refinement,pos
reform,pos
reform,pos
refreshing,pos
refuge,pos
regal,pos
regally,pos
regard,pos
rehabilitation,pos
reinforcement,pos
rejoicing,pos
rejoicingly,pos
relaxed,pos
relevant,pos
relevance,pos
reliable,pos
reliability,pos
reliably,pos
relief,pos
relief,pos
remarkable,pos
remarkably,pos
remedy,pos
reminiscent,pos
reminiscent,pos
renaissance,pos
renewal,pos
renovation,pos
renown,pos
renowned,pos
repair,pos
reparation,pos
repentance,pos
reputable,pos
rescue,pos
resilient,pos
resolute,pos
resolve,pos
resolve,pos
resolved,pos
resounding,pos
resourceful,pos
resourcefulness,pos
respect,pos
respect,pos
respectable,pos
respectful,pos
respectfully,pos
respite,pos
resplendent,pos
responsibility,pos
responsible,pos
responsibly,pos
responsive,pos
restful,pos
restoration,pos
restraint,pos
restraint,pos
resurgent,pos
revel,pos
revel,pos
revelation,pos
revelation,pos
reverence,pos
reverent,pos
reverently,pos
revival,pos
revolution,pos
revolution,pos
rewarding,pos
rewardingly,pos
rich,pos
riches,pos
richly,pos
richness,pos
right,pos
right,pos
righteous,pos
righteously,pos
righteousness,pos
rightful,pos
rightfully,pos
rightness,pos
rightness,pos
rights,pos
rights,pos
ripe,pos
risk-free,pos
robust,pos
rosy,pos
rousing,pos
sacred,pos
safe,pos
sagacity,pos
sage,pos
sagely,pos
saint,pos
saintliness,pos
saintly,pos
salable,pos
salutary,pos
salvation,pos
sanctity,pos
sanctuary,pos
sanctuary,pos
sanguine,pos
sane,pos
sanity,pos
sanity,pos
satisfaction,pos
satisfaction,pos
satisfactorily,pos
satisfactory,pos
satisfying,pos
savvy,pos
scenic,pos
scruples,pos
scrupulous,pos
scrupulously,pos
seamless,pos
seasoned,pos
secure,pos
securely,pos
security,pos
security,pos
seductive,pos
selective,pos
self-determination,pos
self-determination,pos
self-respect,pos
self-satisfaction,pos
self-satisfaction,pos
self-sufficiency,pos
self-sufficiency,pos
self-sufficient,pos
semblance,pos
sensation,pos
sensation,pos
sensational,pos
sensationally,pos
sensations,pos
sensations,pos
sense,pos
sense,pos
sensible,pos
sensibly,pos
sensitive,pos
sensitive,pos
sensitivity,pos
sensitivity,pos
sentiment,pos
sentiment,pos
sentiments,pos
serene,pos
serenity,pos
settle,pos
sexy,pos
shelter,pos
shimmeringly,pos
shiny,pos
shiny,pos
shrewd,pos
shrewdly,pos
shrewdness,pos
significant,pos
significance,pos
simple,pos
simplicity,pos
simplified,pos
sincere,pos
sincerely,pos
sincerity,pos
sincerity,pos
skill,pos
skilled,pos
skillful,pos
skillful,pos
skillfully,pos
sleek,pos
slender,pos
slim,pos
slim,pos
smart,pos
smarter,pos
smartest,pos
smartly,pos
smile,pos
smiling,pos
smilingly,pos
smooth,pos
sociable,pos
soft-spoken,pos
soften,pos
soften,pos
solicitous,pos
solicitously,pos
solicitude,pos
solid,pos
solid,pos
solidarity,pos
solidarity,pos
soothingly,pos
sophisticated,pos
sound,pos
soundness,pos
spacious,pos
sparing,pos
sparingly,pos
sparkling,pos
special,pos
spectacular,pos
spectacularly,pos
speedy,pos
spellbinding,pos
spellbindingly,pos
spirit,pos
spirit,pos
spirited,pos
spiritual,pos
spiritual,pos
splendid,pos
splendidly,pos
splendor,pos
spotless,pos
sprightly,pos
squarely,pos
stability,pos
stability,pos
stable,pos
stable,pos
stainless,pos
star,pos
star,pos
stars,pos
stars,pos
stately,pos
statuesque,pos
staunch,pos
staunchly,pos
staunchness,pos
steadfast,pos
steadfastly,pos
steadfastness,pos
steadiness,pos
steady,pos
stellar,pos
stellarly,pos
stimulating,pos
stimulative,pos
stirring,pos
stirringly,pos
straight,pos
straightforward,pos
streamlined,pos
stride,pos
stride,pos
strides,pos
strides,pos
striking,pos
strikingly,pos
striving,pos
striving,pos
strong,pos
studious,pos
studiously,pos
stunned,pos
stunning,pos
stunningly,pos
stupendous,pos
stupendously,pos
sturdy,pos
stylish,pos
stylishly,pos
suave,pos
sublime,pos
substantial,pos
substantially,pos
substantive,pos
subtle,pos
success,pos
success,pos
successful,pos
successfully,pos
sufficient,pos
sufficiently,pos
suggestions,pos
suggestions,pos
suitable,pos
sumptuous,pos
sumptuously,pos
sumptuousness,pos
sunny,pos
super,pos
superb,pos
superbly,pos
superior,pos
superlative,pos
support,pos
support,pos
supporter,pos
supporter,pos
supportive,pos
supportive,pos
supreme,pos
supremely,pos
supurb,pos
supurbly,pos
sure,pos
surge,pos
surging,pos
survival,pos
survivor,pos
sustainability,pos
sustainability,pos
sustainable,pos
sustainable,pos
sustained,pos
sweeping,pos
sweet,pos
sweetheart,pos
sweetly,pos
sweetness,pos
swift,pos
swiftness,pos
sworn,pos
tact,pos
talent,pos
talent,pos
talented,pos
tantalizing,pos
tantalizingly,pos
taste,pos
temperance,pos
temperate,pos
tenacious,pos
tenaciously,pos
tenacity,pos
tender,pos
tenderly,pos
tenderness,pos
terrific,pos
terrifically,pos
terrified,pos
terrifying,pos
terrifying,pos
terrifyingly,pos
thankful,pos
thankfully,pos
thinkable,pos
thinkable,pos
thorough,pos
thoughtful,pos
thoughtfully,pos
thoughtfulness,pos
thrift,pos
thrifty,pos
thrill,pos
thrilling,pos
thrillingly,pos
thrills,pos
thriving,pos
tidy,pos
time-honored,pos
timely,pos
titillating,pos
titillatingly,pos
togetherness,pos
tolerable,pos
tolerably,pos
tolerance,pos
tolerance,pos
tolerant,pos
tolerantly,pos
toleration,pos
top,pos
torrid,pos
torridly,pos
tradition,pos
traditional,pos
tranquil,pos
tranquility,pos
tranquility,pos
treat,pos
tremendous,pos
trendy,pos
trepidation,pos
tribute,pos
trim,pos
triumph,pos
triumphal,pos
triumphant,pos
triumphantly,pos
truculent,pos
truculently,pos
TRUE,pos
truly,pos
trust,pos
trust,pos
trusting,pos
trustingly,pos
trustworthiness,pos
trustworthy,pos
truthful,pos
truthfully,pos
truthfulness,pos
ultimate,pos
ultimately,pos
ultra,pos
unabashed,pos
unabashedly,pos
unanimous,pos
unassailable,pos
unassailable,pos
unbiased,pos
unbound,pos
unbroken,pos
uncommon,pos
uncommonly,pos
unconcerned,pos
unconditional,pos
unconventional,pos
undaunted,pos
understandable,pos
understanding,pos
understanding,pos
understood,pos
understated,pos
understatedly,pos
undisputable,pos
undisputably,pos
undisputed,pos
undoubted,pos
undoubtedly,pos
unencumbered,pos
unequivocal,pos
unfazed,pos
unfettered,pos
unforgettable,pos
uniform,pos
uniformly,pos
unique,pos
unity,pos
unity,pos
universal,pos
unlimited,pos
unparalleled,pos
unpretentious,pos
unrestricted,pos
unscathed,pos
unselfish,pos
untouched,pos
untrained,pos
upbeat,pos
upfront,pos
upheld,pos
uphold,pos
uplifting,pos
upliftment,pos
upliftment,pos
upright,pos
upscale,pos
upside,pos
upside,pos
upward,pos
usable,pos
useful,pos
usefulness,pos
utilitarian,pos
utmost,pos
uttermost,pos
valiant,pos
valiantly,pos
valid,pos
validity,pos
valor,pos
valuable,pos
values,pos
values,pos
vast,pos
vastly,pos
vastness,pos
venerable,pos
venerably,pos
verifiable,pos
veritable,pos
versatile,pos
versatility,pos
viable,pos
viability,pos
vibrant,pos
vibrantly,pos
victorious,pos
victory,pos
victory,pos
vigilance,pos
vigilant,pos
vigilant,pos
vigorous,pos
vigorously,pos
vintage,pos
virtue,pos
virtuous,pos
virtuously,pos
visionary,pos
vital,pos
vitality,pos
vitality,pos
vivacious,pos
vivid,pos
voluntarily,pos
voluntary,pos
vulnerable,pos
vulnerable,pos
warm,pos
warmhearted,pos
warmly,pos
warmth,pos
wealthy,pos
welcome,pos
welcome,pos
welfare,pos
welfare,pos
well,pos
well,pos
well-being,pos
well-being,pos
well-connected,pos
well-educated,pos
well-established,pos
well-informed,pos
well-intentioned,pos
well-managed,pos
well-positioned,pos
well-publicized,pos
well-received,pos
well-regarded,pos
well-run,pos
well-wishers,pos
well-wishers,pos
wellbeing,pos
wellbeing,pos
whimsical,pos
white,pos
wholeheartedly,pos
wholesome,pos
wide,pos
wide-open,pos
wide-ranging,pos
will,pos
will,pos
willful,pos
willfully,pos
willing,pos
willingness,pos
willingness,pos
wink,pos
wink,pos
winnable,pos
winnable,pos
winners,pos
winners,pos
wisdom,pos
wisdom,pos
wise,pos
wise,pos
wisely,pos
wish,pos
wish,pos
wishes,pos
wishes,pos
wishing,pos
wishing,pos
witty,pos
wonderful,pos
wonderfully,pos
wonderous,pos
wonderously,pos
workable,pos
world-famous,pos
worth,pos
worth,pos
worth-while,pos
worthiness,pos
worthwhile,pos
worthy,pos
wow,pos
wry,pos
yearning,pos
yearningly,pos
youthful,pos
zeal,pos
zenith,pos
zest,pos